wics_name,stock_code,stock_name,total_score,industry_rank,3개월,6개월,9개월,12개월
가구,003800,에이스침대,80.78,1,17.62376237623762,6.138613861386139,21.584158415841586,35.04950495049505
가구,134790,시디즈,77.73,2,23.134328358208954,-9.888059701492537,-19.58955223880597,-28.171641791044777
가구,011090,에넥스,60.61,3,21.217712177121772,6.4575645756457565,1.4760147601476015,-22.509225092250922
건설,004960,한신공영,80.76,1,40.80944350758853,30.185497470489036,70.65767284991568,169.47723440134908
건설,010400,우진아이엔에스,80.64,2,5.653021442495127,17.93372319688109,62.96296296296296,46.978557504873294
건설,002460,HS화성,76.26,3,19.810326659641728,6.8493150684931505,22.233930453108535,26.55426765015806
광고,214320,이노션,80.75,1,14.229024943310659,3.231292517006803,3.741496598639456,3.061224489795918
광고,030000,제일기획,63.35,2,11.602209944751381,11.32596685082873,15.193370165745856,6.574585635359116
광고,363260,모비데이즈,54.85,3,-23.464912280701753,-13.684210526315791,-28.07017543859649,-35.13157894736842
기계,049430,코메론,82.02,1,4.9695740365111565,9.533468559837727,31.845841784989858,134.7870182555781
기계,049800,우진플라임,78.69,2,-4.648910411622276,5.084745762711865,-7.990314769975787,28.087167070217916
기계,050860,아세아텍,72.19,3,22.925311203319502,2.8526970954356847,-1.504149377593361,5.549792531120332
식품,088910,동우팜투테이블,83.53,1,13.563829787234042,14.893617021276595,10.638297872340425,29.25531914893617
식품,003380,하림지주,80.29,2,83.30404217926186,27.06502636203866,92.79437609841827,152.89982425307556
식품,006980,우성,79.37,3,19.930795847750865,17.439446366782008,11.626297577854672,45.32871972318339
은행,006220,제주은행,72.39,1,100.132802124834,86.85258964143426,52.722443559096945,66.53386454183267
은행,105560,KB금융,50.11,2,39.19597989949749,46.10552763819096,54.89949748743719,86.30653266331659
음료,033920,무학,68.08,1,22.76176024279211,22.15477996965099,38.54324734446131,30.955993930197266
음료,000890,보해양조,66.72,2,8.590308370044053,-1.9823788546255507,-5.506607929515418,-6.828193832599119
음료,000140,하이트진로홀딩스,65.94,3,31.40495867768595,16.528925619834713,14.403778040141676,6.257378984651712
제약,053950,경남제약,84.37,1,-0.30959752321981426,-8.6687306501548,6.96594427244582,22.291021671826623
제약,002620,제일파마홀딩스,80.75,2,9.159347553324968,10.037641154328734,2.258469259723965,7.779171894604768
제약,016580,환인제약,73.31,3,10.564010743061774,-4.834377797672337,-2.775290957923008,-5.729632945389436
조선,103230,에스앤더블류,75.59,1,4.961240310077519,38.759689922480625,29.457364341085274,15.968992248062017
조선,054180,메디콕스,73.17,2,-36.666666666666664,-43.333333333333336,-43.333333333333336,-43.333333333333336
조선,267250,HD현대,63.0,3,76.35135135135135,111.75675675675676,148.91891891891893,233.78378378378378
증권,030210,다올투자증권,74.37,1,22.62295081967213,16.065573770491802,13.77049180327869,33.77049180327869
증권,001200,유진투자증권,73.51,2,55.3941908713693,50.4149377593361,43.77593360995851,97.71784232365145
증권,023590,다우기술,63.96,3,88.43843843843844,77.67767767767768,98.1981981981982,131.4814814814815
철강,012620,원일특강,77.82,1,11.174785100286533,17.908309455587393,16.189111747851005,32.664756446991404
철강,069730,DSR제강,73.33,2,7.547169811320755,11.175616835994195,9.288824383164005,41.79970972423803
철강,001230,동국홀딩스,71.24,3,20.425531914893615,5.673758865248227,2.8368794326241136,43.262411347517734
출판,127710,아시아경제,66.41,1,-14.908802537668517,-14.670896114195084,-14.274385408406026,33.94131641554322
출판,068290,삼성출판사,54.4,2,23.14876584389593,0.9339559706470981,-24.549699799866577,-39.426284189459636
출판,016880,웅진,48.17,3,231.79723502304145,408.0645161290323,161.52073732718895,208.17972350230414
화학,003080,SB성보,85.36,1,13.319672131147541,16.188524590163937,12.5,8.19672131147541
화학,092230,KPX홀딩스,80.06,2,24.863883847549907,20.87114337568058,30.30852994555354,46.82395644283122
화학,196700,웹스,76.45,3,19.124797406807133,14.6677471636953,77.87682333873582,66.53160453808752
문구류,005360,모나미,23.41,1,6.889564336372847,1.3171225937183384,-0.9625126646403243,-13.42451874366768
부동산,123890,한국자산신탁,64.67,1,7.337526205450734,-2.515723270440252,0.628930817610063,8.385744234800839
부동산,033560,블루콤,61.24,2,-7.428571428571429,-3.1428571428571432,-11.142857142857142,-5.142857142857142
부동산,210980,SK디앤디,53.23,3,22.991347342398022,56.61310259579728,67.86155747836835,62.17552533992583
자동차,067990,도이치모터스,30.39,1,4.772727272727273,5.909090909090909,-1.4772727272727273,1.5909090909090908
포장재,023600,삼보판지,73.23,1,27.918781725888326,23.096446700507613,20.17766497461929,23.604060913705585
포장재,017650,대림제지,71.83,2,14.19656786271451,13.72854914196568,28.23712948517941,34.945397815912635
포장재,005820,원림,70.54,3,17.56559766763848,2.3323615160349855,9.329446064139942,11.370262390670554
항공사,003490,대한항공,70.86,1,6.511627906976744,5.5813953488372094,3.255813953488372,14.883720930232558
항공사,180640,한진칼,46.0,2,48.9281210592686,24.08575031525851,52.585119798234544,47.540983606557376
항공사,298690,에어부산,40.99,3,4.368932038834951,-6.893203883495145,-14.563106796116504,-10.145631067961165
해운사,129260,인터지스,71.57,1,17.525773195876287,11.752577319587628,-1.2371134020618557,0.6185567010309279
해운사,067900,와이엔텍,62.64,2,11.848341232227488,0.47393364928909953,6.6350710900473935,9.162717219589258
해운사,028670,팬오션,57.87,3,11.420204978038068,10.395314787701318,11.127379209370424,48.16983894582723
핸드셋,238090,앤디포스,80.92,1,-14.102564102564102,-23.931623931623932,-18.333333333333332,31.62393162393162
핸드셋,081580,성우전자,80.54,2,21.153846153846153,-3.8461538461538463,-13.653846153846153,28.076923076923077
핸드셋,054210,이랜텍,75.09,3,20.366598778004075,52.54582484725051,76.17107942973523,113.44195519348268
화장품,025620,차AI헬스케어,79.07,1,41.74757281553398,195.53398058252426,111.6504854368932,79.6116504854369
화장품,014100,메디앙스,70.66,2,-14.728682170542637,-22.093023255813954,-31.007751937984494,-34.80620155038759
화장품,226320,잇츠한불,66.52,3,19.223826714801444,9.2057761732852,7.310469314079422,-8.393501805054152
가정용품,053620,태양,75.11,1,7.836990595611286,5.6426332288401255,1.7241379310344827,11.285266457680251
가정용품,009770,삼정펄프,68.2,2,18.452380952380953,14.880952380952381,20.833333333333336,30.952380952380953
가정용품,012690,모나리자,53.64,3,-3.356890459363958,-16.784452296819786,-23.32155477031802,-21.554770318021202
건축자재,224060,더코디,74.82,1,0.0,-5.537459283387622,-20.846905537459286,83.71335504885994
건축자재,446070,유니드비티플러스,73.47,2,8.690176322418136,-7.682619647355164,-13.476070528967254,-22.292191435768263
건축자재,001520,동양,70.49,3,16.72661870503597,78.41726618705036,54.49640287769785,41.54676258992806
건축제품,014280,금강공업,72.75,1,2.083333333333333,4.276315789473684,23.903508771929825,8.991228070175438
건축제품,018310,삼목에스폼,62.86,2,11.47623862487361,11.47623862487361,-1.1122345803842264,-5.6117290192113245
건축제품,005750,대림바스,62.76,3,8.875,10.375,16.625,48.75
기타금융,023760,한국캐피탈,66.45,1,35.14492753623188,50.18115942028986,43.47826086956522,71.01449275362319
기타금융,038540,상상인,64.56,2,20.901639344262296,16.569086651053862,2.576112412177986,27.92740046838407
기타금융,007330,푸른저축은행,34.57,3,15.337423312883436,22.822085889570552,23.31288343558282,39.87730061349693
복합기업,005440,현대지에프홀딩스,70.17,1,76.30057803468208,51.05973025048169,54.52793834296724,179.5761078998073
복합기업,004150,한솔홀딩스,65.9,2,41.313559322033896,37.71186440677966,29.02542372881356,37.71186440677966
복합기업,001740,SK네트웍스,59.99,3,13.292682926829269,8.658536585365853,8.292682926829269,36.09756097560975
비철금속,032560,황금에스티,75.8,1,20.158102766798418,15.41501976284585,16.205533596837945,16.99604743083004
비철금속,009160,SIMPAC,71.85,2,31.56498673740053,16.578249336870027,34.48275862068966,40.318302387267906
비철금속,054410,케이피티유,69.63,3,23.578595317725753,13.879598662207357,24.24749163879599,20.066889632107024
생물공학,054050,농우바이오,87.29,1,16.736401673640167,22.87308228730823,11.157601115760112,11.715481171548117
생물공학,049960,쎌바이오텍,73.77,2,1.979414093428345,-0.870942201108472,3.167062549485352,14.014251781472684
생물공학,095700,제넥신,72.97,3,20.049813200498132,33.74844333748443,21.793275217932752,18.55541718555417
손해보험,000540,흥국화재,87.58,1,30.56379821958457,15.875370919881307,5.786350148367952,29.673590504451035
손해보험,244920,에이플러스에셋,63.74,2,44.67564259485924,68.42105263157895,126.43818849449204,157.03794369645044
손해보험,211050,인카금융서비스,56.09,3,103.862660944206,80.25751072961373,85.55078683834049,73.24749642346208
전기장비,015860,일진홀딩스,66.64,1,65.9634317862166,54.43037974683544,91.56118143459916,99.15611814345992
전기장비,024840,KBI메탈,64.53,2,6.39958376690947,-5.6191467221644125,-6.919875130072841,14.724245577523412
전기장비,017040,광명전기,50.22,3,55.223880597014926,0.44776119402985076,-7.014925373134329,-27.83582089552239
전기제품,042110,에스씨디,71.31,1,-0.7665505226480837,-7.665505226480835,-11.846689895470384,2.857142857142857
전기제품,005680,삼영전자,66.0,2,12.289395441030724,5.550049554013875,3.072348860257681,54.21209117938554
전기제품,002230,피에스텍,59.82,3,9.61038961038961,8.571428571428571,187.012987012987,158.44155844155844
전문소매,064240,홈캐스트,71.69,1,7.317073170731707,2.4390243902439024,-6.536585365853659,-0.24390243902439024
전문소매,002420,세기상사,50.2,2,9.8,10.8,8.6,2.0
전문소매,178780,일월지엠엘,35.28,3,-19.005847953216374,-13.88888888888889,-21.052631578947366,-25.730994152046783
전자제품,038950,파인디지털,71.51,1,1.3513513513513513,2.8528528528528527,-3.903903903903904,-1.5015015015015014
전자제품,009140,경인전자,62.76,2,11.170784103114931,16.004296455424274,9.828141783029002,22.448979591836736
전자제품,092600,앤씨앤,55.71,3,4.451510333863275,-16.375198728139907,-10.174880763116057,43.08426073131956
창업투자,016600,큐캐피탈,63.88,1,14.007782101167315,4.280155642023346,-4.280155642023346,14.396887159533073
창업투자,019570,플루토스,63.11,2,24.481327800829874,22.40663900414938,14.937759336099585,60.99585062240664
창업투자,019550,SBI인베스트먼트,61.07,3,24.06576980568012,5.829596412556054,9.417040358744394,-7.174887892376682
통신장비,073540,에프알텍,70.43,1,43.18518518518519,72.96296296296296,49.629629629629626,136.2962962962963
통신장비,043090,더테크놀로지,67.64,2,-14.606741573033707,-14.606741573033707,-14.606741573033707,-14.606741573033707
통신장비,039010,현대에이치티,67.03,3,21.684867394695786,11.856474258970358,36.661466458658346,30.577223088923557
판매업체,051390,YW,61.36,1,5.248618784530387,7.596685082872928,7.734806629834254,16.574585635359114
판매업체,051160,지어소프트,59.27,2,27.92413066385669,-18.335089567966282,-16.227608008429925,-14.75237091675448
판매업체,009810,플레이그램,55.36,3,7.766990291262135,4.207119741100324,-17.79935275080906,-31.844660194174757
교육서비스,072870,메가스터디,70.1,1,7.580174927113703,9.329446064139942,6.41399416909621,20.11661807580175
교육서비스,100220,비상교육,64.73,2,36.61087866108787,15.271966527196653,2.7196652719665275,22.384937238493723
교육서비스,067280,멀티캠퍼스,64.58,3,8.244274809160306,-0.7633587786259541,-5.038167938931298,-15.114503816793892
석유와가스,128820,대성산업,69.25,1,35.55962183592559,37.38944800243977,122.01890820372066,110.43000914913084
석유와가스,014530,극동유화,62.66,2,4.04191616766467,-1.9461077844311379,-2.844311377245509,13.922155688622754
석유와가스,006120,SK디스커버리,59.05,3,56.907477820025356,33.58681875792142,53.35868187579214,35.61470215462611
소프트웨어,016670,디모아,84.34,1,2.6205450733752618,65.82809224318659,-6.184486373165619,-15.932914046121594
소프트웨어,078000,텔코웨어,72.89,2,76.40320733104238,75.37227949599084,72.85223367697594,96.56357388316151
소프트웨어,039310,세중,69.75,3,1.6097875080489377,-3.2839665164198326,-12.427559562137798,17.83644558918223
운송인프라,003100,선광,74.37,1,33.85579937304075,16.739811912225704,19.3730407523511,31.661442006269592
운송인프라,038620,위즈코프,63.07,2,-20.28061224489796,-24.23469387755102,-23.596938775510203,-34.43877551020408
운송인프라,045340,토탈소프트,55.51,3,-30.479102956167175,-17.533129459734965,-23.547400611620795,-29.45973496432212
자동차부품,015750,성우하이텍,84.71,1,8.152173913043478,-1.2681159420289856,23.18840579710145,61.23188405797102
자동차부품,025530,SJM홀딩스,84.6,2,18.506493506493506,15.909090909090908,20.12987012987013,17.532467532467532
자동차부품,123700,SJM,83.55,3,14.382402707275805,19.4585448392555,25.211505922165824,22.504230118443317
종이와목재,000180,성창기업지주,70.3,1,29.153354632587856,36.34185303514377,18.610223642172524,19.408945686900957
종이와목재,034810,해성산업,61.61,2,27.11323763955343,29.98405103668261,31.738437001594892,20.095693779904305
종이와목재,213500,한솔제지,58.89,3,10.037174721189592,5.204460966542751,1.6109045848822798,2.7261462205700124
가스유틸리티,267290,경동도시가스,77.96,1,19.770773638968482,14.899713467048711,16.9054441260745,26.07449856733524
가스유틸리티,003480,한진중공업홀딩스,74.24,2,51.621621621621614,35.4054054054054,25.675675675675674,29.45945945945946
가스유틸리티,016710,대성홀딩스,67.02,3,50.786838340486405,18.4549356223176,20.74391988555079,23.032904148783977
건강관리기술,035610,솔본,63.67,1,13.132694938440492,12.448700410396716,0.0,-5.60875512995896
건강관리기술,071200,인피니트헬스케어,55.19,2,29.330708661417322,15.551181102362206,15.354330708661418,23.031496062992126
건강관리기술,032620,유비케어,42.81,3,15.765765765765765,20.27027027027027,12.162162162162163,21.32132132132132
전기유틸리티,130660,한전산업,19.88,1,40.505050505050505,18.383838383838384,4.242424242424243,95.95959595959596
도로와철도운송,024800,유성티엔에스,81.43,1,65.66265060240963,33.62541073384447,33.89923329682366,119.33187294633079
도로와철도운송,084670,동양고속,47.99,2,24.892703862660944,17.02432045779685,947.2103004291846,501.5736766809728
도로와철도운송,095570,AJ네트웍스,44.03,3,11.693548387096774,14.919354838709678,23.521505376344088,38.97849462365591
디스플레이패널,191410,육일씨엔에쓰,66.25,1,-1.5384615384615385,-14.588859416445624,57.02917771883289,32.09549071618037
디스플레이패널,034220,LG디스플레이,64.89,2,3.859250851305335,63.7911464245176,34.27922814982974,29.398410896708288
디스플레이패널,121800,비덴트,47.04,3,0.0,0.0,0.0,0.0
무선통신서비스,032640,LG유플러스,70.94,1,39.6116504854369,48.834951456310684,40.09708737864078,51.84466019417475
무선통신서비스,006490,인스코비,10.84,2,16.56298600311042,-47.58942457231726,-56.143079315707624,-73.950233281493
사무용전자제품,029530,신도리코,43.82,1,34.99344692005242,14.941022280471822,23.197903014416777,35.255570117955436
우주항공과국방,067390,아스트,63.58,1,1.4285714285714286,-4.821428571428572,5.892857142857142,29.28571428571429
우주항공과국방,035460,기산텔레콤,61.67,2,11.394992335206949,-9.351047521716914,-1.0219724067450178,37.199795605518645
우주항공과국방,327260,RF머트리얼즈,51.09,3,4.529616724738676,175.26132404181186,345.1219512195122,1112.5435540069686
전자장비와기기,094840,슈프리마에이치큐,75.83,1,12.898330804248861,0.15174506828528073,3.490136570561457,20.789074355083457
전자장비와기기,143160,아이디스,68.75,2,-6.89869484151647,12.7408328154133,9.571162212554382,11.435674331883156
전자장비와기기,069510,에스텍,67.73,3,63.70235934664247,30.30852994555354,29.85480943738657,35.57168784029038
가정용기기와용품,044340,위닉스,71.08,1,18.54974704890388,-7.75716694772344,-6.913996627318718,-17.706576728499158
가정용기기와용품,067170,오텍,69.45,2,-6.3962558502340086,-21.606864274570984,-26.482059282371296,-28.23712948517941
가정용기기와용품,284740,쿠쿠홈시스,67.98,3,24.285714285714285,24.047619047619047,12.857142857142856,12.857142857142856
게임엔터테인먼트,042420,네오위즈홀딩스,75.84,1,45.822245875465676,23.736029803086748,34.64608834486429,26.397019691325173
게임엔터테인먼트,052790,액토즈소프트,70.49,2,4.6875,0.15625,-1.7187500000000002,-15.156249999999998
게임엔터테인먼트,063080,컴투스홀딩스,67.47,3,35.0,-6.8181818181818175,-23.5,-21.31818181818182
레저용장비와제품,121440,골프존홀딩스,83.86,1,33.78839590443686,20.591581342434583,10.12514220705347,11.262798634812286
레저용장비와제품,050120,ES큐브,69.29,2,7.08955223880597,9.14179104477612,6.343283582089552,-7.462686567164178
레저용장비와제품,088390,이녹스,67.64,3,-0.13333333333333333,30.4,13.066666666666665,63.33333333333333
백화점과일반상점,067830,세이브존I&C,73.95,1,25.5079006772009,18.284424379232505,49.20993227990971,39.503386004514674
백화점과일반상점,452260,한화갤러리아,34.99,2,17.140319715808168,-0.7992895204262878,17.2291296625222,122.91296625222026
백화점과일반상점,006370,대구백화점,30.24,3,-14.117647058823529,-14.640522875816995,-27.84313725490196,-32.02614379084967
컴퓨터와주변기기,065690,파커스,75.19,1,14.6524064171123,10.37433155080214,28.983957219251337,42.88770053475936
컴퓨터와주변기기,031860,디에이치엑스컴퍼니,67.49,2,-7.637231503579953,-38.02704852824185,-46.45982498011138,-52.2673031026253
컴퓨터와주변기기,096690,에이루트,63.06,3,-44.489465153970826,-35.53484602917342,-22.20421393841167,-52.0259319286872
건강관리장비와용품,100120,뷰웍스,74.13,1,-8.823529411764707,-16.428571428571427,-17.26890756302521,15.756302521008402
건강관리장비와용품,100700,세운메디칼,72.12,2,14.587737843551796,5.2854122621564485,1.9027484143763214,10.782241014799155
건강관리장비와용품,056090,시지메드텍,71.51,3,10.363247863247864,14.209401709401709,33.01282051282051,140.91880341880344
다각화된통신서비스,030200,KT,33.45,1,17.659137577002053,3.696098562628337,5.338809034907597,26.07802874743326
무역회사와판매업체,383800,LX홀딩스,77.3,1,55.03875968992248,18.91472868217054,23.25581395348837,25.581395348837212
무역회사와판매업체,001250,GS글로벌,56.51,2,7.421875,-2.9296875,-10.15625,2.734375
무역회사와판매업체,011760,현대코퍼레이션,55.37,3,28.125,-5.803571428571429,-4.464285714285714,15.848214285714285
반도체와반도체장비,241790,티이엠씨씨엔에스,74.83,1,39.961759082217974,66.73040152963671,32.122370936902485,46.46271510516252
반도체와반도체장비,227950,엔투텍,74.73,2,3.1073446327683616,24.01129943502825,-5.367231638418079,23.44632768361582
반도체와반도체장비,105330,케이엔더블유,70.53,3,24.266666666666666,43.2,49.333333333333336,129.86666666666667
방송과엔터테인먼트,058400,KNN,67.3,1,-0.25940337224383914,-7.392996108949417,-7.782101167315175,-4.020752269779507
방송과엔터테인먼트,035620,바른손이앤에이,64.74,2,27.735368956743002,11.704834605597965,-5.089058524173027,-34.605597964376585
방송과엔터테인먼트,040300,YTN,60.24,3,-14.935988620199147,-22.90184921763869,6.258890469416785,-11.522048364153626
상업서비스와공급품,033050,제이엠아이,81.11,1,12.437810945273633,0.4975124378109453,1.616915422885572,11.318407960199005
상업서비스와공급품,130580,나이스디앤비,73.77,2,15.588547189819725,18.769883351007426,31.919406150583246,17.709437963944858
상업서비스와공급품,377450,리파인,70.47,3,10.147058823529411,2.941176470588235,-6.176470588235294,-16.397058823529413
에너지장비및서비스,126720,수산인더스트리,64.69,1,40.526315789473685,10.526315789473683,9.736842105263158,44.73684210526316
에너지장비및서비스,005090,SGC에너지,56.81,2,15.74074074074074,6.712962962962964,-0.9259259259259258,180.09259259259258
에너지장비및서비스,322000,HD현대에너지솔루션,52.75,3,85.50420168067227,93.4873949579832,132.35294117647058,473.9495798319328
항공화물운송과물류,000700,유수홀딩스,67.3,1,9.20353982300885,0.17699115044247787,0.0,18.053097345132745
항공화물운송과물류,033290,로젠,65.48,2,12.189054726368159,5.970149253731343,7.462686567164178,0.24875621890547264
항공화물운송과물류,002320,한진,65.18,3,6.994818652849741,3.8860103626943006,2.072538860103627,0.2590673575129534
건강관리업체및서비스,044820,코스맥스비티아이,90.53,1,86.19367209971237,75.45541706615532,33.17353787152445,59.53978906999041
건강관리업체및서비스,239610,에이치엘사이언스,67.52,2,1.1894647408666101,-7.306711979609176,-27.78249787595582,-36.44859813084112
건강관리업체및서비스,357230,에이치피오,64.74,3,6.313645621181263,11.608961303462321,1.4256619144602851,-0.20366598778004072
디스플레이장비및부품,088130,동아엘텍,76.37,1,0.8561643835616438,38.18493150684932,30.65068493150685,157.53424657534248
디스플레이장비및부품,037330,인지디스플레,74.3,2,7.301587301587302,11.190476190476192,13.015873015873018,8.73015873015873
디스플레이장비및부품,137080,나래나노텍,73.77,3,-3.815580286168521,2.8616852146263914,26.86804451510334,67.88553259141494
생명과학도구및서비스,199730,바이오인프라,67.63,1,-12.878787878787879,-24.46969696969697,-26.212121212121215,-39.84848484848485
생명과학도구및서비스,131220,대한과학,65.52,2,15.046296296296296,8.796296296296296,10.416666666666668,6.712962962962964
생명과학도구및서비스,038290,마크로젠,64.09,3,-3.982300884955752,-3.350189633375474,8.849557522123893,3.2237673830594185
식품과기본식료품소매,227840,현대코퍼레이션홀딩스,78.01,1,32.947976878612714,16.473988439306357,15.992292870905588,18.786127167630056
식품과기본식료품소매,006880,신송홀딩스,55.28,2,20.644216691068813,-1.903367496339678,0.43923865300146414,3.806734992679356
식품과기본식료품소매,250000,보라티알,54.46,3,5.098039215686274,-9.509803921568627,-22.058823529411764,-23.03921568627451
양방향미디어와서비스,214270,FSN,48.16,1,156.27376425855513,71.48288973384031,55.51330798479087,74.90494296577947
양방향미디어와서비스,020120,키다리스튜디오,46.12,2,22.83464566929134,26.614173228346456,13.858267716535433,4.881889763779528
양방향미디어와서비스,089230,THE E&M,43.34,3,30.718954248366014,76.47058823529412,67.45098039215686,226.79738562091504
인터넷과카탈로그소매,035080,그래디언트,64.9,1,8.927231807951989,8.627156789197299,-13.80345086271568,-11.552888222055515
인터넷과카탈로그소매,069920,엑시온그룹,45.05,2,26.527196652719663,-30.376569037656903,-36.40167364016737,-59.6652719665272
인터넷과카탈로그소매,053280,예스24,40.85,3,10.268948655256724,-7.090464547677261,-10.024449877750612,-15.892420537897312
"호텔,레스토랑,레저",019010,베뉴지,71.22,1,14.563106796116504,14.805825242718445,34.22330097087379,146.60194174757282
"호텔,레스토랑,레저",034230,파라다이스,69.55,2,31.47982062780269,87.89237668161435,49.417040358744394,51.569506726457405
"호텔,레스토랑,레저",035250,강원랜드,60.48,3,10.48532055122828,7.789095266626722,10.245656081485919,2.816057519472738
"섬유,의류,신발,호화품",000950,전방,83.8,1,107.50262329485834,88.35257082896118,89.1395592864638,83.89296956977964
"섬유,의류,신발,호화품",007700,F&F홀딩스,75.23,2,94.5364238410596,55.794701986754966,54.056291390728475,52.235099337748345
"섬유,의류,신발,호화품",000050,경방,74.66,3,18.3206106870229,7.175572519083969,43.05343511450382,44.274809160305345
IT서비스,031820,아이티센씨티에스,81.03,1,14.480408858603067,3.0664395229982966,2.385008517887564,20.783645655877343
IT서비스,070590,인티큐브,70.51,2,39.03133903133903,58.119658119658126,49.572649572649574,41.38176638176638
IT서비스,034310,NICE,69.14,3,20.840950639853748,23.12614259597806,16.453382084095065,20.018281535648992
