date,wics_name,stock_code,stock_name,total_score,industry_rank,2024-02-01,2024-05-01,2024-08-01,2024-11-01,2025-02-01,3개월,6개월,9개월,12개월
2024-02-01,가구,003800,에이스침대,77.08,1,26250.0,26300.0,26000.0,27400.0,24650.0,0.19047619047619047,-0.9523809523809524,4.380952380952381,-6.095238095238095
2024-02-01,가구,016800,퍼시스,69.7,2,30550.0,38300.0,43700.0,42250.0,41650.0,25.368248772504092,43.04418985270049,38.297872340425535,36.33387888707038
2024-02-01,가구,011090,에넥스,39.91,3,515.0,483.0,653.0,524.0,509.0,-6.213592233009709,26.796116504854368,1.7475728155339807,-1.1650485436893203
2024-02-01,건설,004960,한신공영,86.48,1,7720.0,6660.0,7280.0,6730.0,6030.0,-13.730569948186528,-5.699481865284974,-12.823834196891193,-21.89119170984456
2024-02-01,건설,010960,삼호개발,81.59,2,3410.0,3335.0,3600.0,3140.0,3005.0,-2.1994134897360706,5.571847507331378,-7.9178885630498534,-11.87683284457478
2024-02-01,건설,002460,HS화성,78.31,3,10840.0,9990.0,9350.0,8840.0,9430.0,-7.841328413284134,-13.745387453874539,-18.45018450184502,-13.007380073800737
2024-02-01,광고,214320,이노션,76.51,1,22100.0,22800.0,20200.0,20200.0,18100.0,3.167420814479638,-8.597285067873303,-8.597285067873303,-18.099547511312217
2024-02-01,광고,030000,제일기획,68.99,2,18420.0,18970.0,17800.0,18480.0,17100.0,2.985884907709012,-3.3659066232356136,0.32573289902280134,-7.166123778501629
2024-02-01,광고,050090,비케이홀딩스,61.63,3,1106.0,1032.0,993.0,782.0,707.0,-6.6907775768535265,-10.216998191681736,-29.294755877034355,-36.075949367088604
2024-02-01,기계,000850,화천기공,82.66,1,32300.0,30950.0,30000.0,27200.0,26150.0,-4.179566563467492,-7.120743034055728,-15.789473684210526,-19.040247678018577
2024-02-01,기계,015230,대창단조,76.26,2,5820.0,6860.0,5420.0,5020.0,5020.0,17.869415807560138,-6.872852233676976,-13.745704467353953,-13.745704467353953
2024-02-01,기계,044780,에이치케이,75.08,3,1775.0,1499.0,1468.0,1291.0,1134.0,-15.549295774647886,-17.295774647887324,-27.267605633802816,-36.112676056338024
2024-02-01,식품,005990,매일홀딩스,83.37,1,8180.0,8000.0,8290.0,8240.0,8640.0,-2.2004889975550124,1.3447432762836184,0.7334963325183375,5.623471882640587
2024-02-01,식품,003380,하림지주,80.52,2,7890.0,6530.0,5910.0,5400.0,5330.0,-17.23700887198986,-25.09505703422053,-31.55893536121673,-32.44613434727503
2024-02-01,식품,001800,오리온홀딩스,75.52,3,15120.0,14780.0,15010.0,16860.0,14920.0,-2.2486772486772484,-0.7275132275132274,11.507936507936508,-1.3227513227513228
2024-02-01,은행,105560,KB금융,91.75,1,61300.0,72300.0,88300.0,91800.0,88800.0,17.94453507340946,44.04567699836868,49.7553017944535,44.86133768352366
2024-02-01,은행,006220,제주은행,51.66,2,13230.0,13790.0,10140.0,8340.0,7980.0,4.232804232804233,-23.356009070294785,-36.961451247165535,-39.682539682539684
2024-02-01,음료,033920,무학,87.63,1,5220.0,5180.0,6320.0,5820.0,6110.0,-0.7662835249042145,21.0727969348659,11.494252873563218,17.049808429118773
2024-02-01,음료,000140,하이트진로홀딩스,68.62,2,8830.0,9120.0,9120.0,9750.0,8850.0,3.2842582106455263,3.2842582106455263,10.419026047565119,0.22650056625141565
2024-02-01,음료,004650,창해에탄올,60.29,3,9280.0,9130.0,9440.0,9370.0,8890.0,-1.6163793103448276,1.7241379310344827,0.9698275862068966,-4.202586206896552
2024-02-01,제약,003120,일성아이에스,84.56,1,23850.0,19780.0,17590.0,15630.0,15660.0,-17.064989517819708,-26.247379454926623,-34.465408805031444,-34.33962264150943
2024-02-01,제약,009300,삼아제약,78.1,2,16350.0,16010.0,34200.0,21050.0,15900.0,-2.079510703363914,109.1743119266055,28.74617737003058,-2.7522935779816518
2024-02-01,제약,003090,대웅,76.82,3,25700.0,19030.0,21800.0,25150.0,20100.0,-25.953307392996113,-15.17509727626459,-2.140077821011673,-21.78988326848249
2024-02-01,조선,009540,HD한국조선해양,71.85,1,114700.0,129500.0,213000.0,180000.0,226000.0,12.903225806451612,85.70183086312119,56.931124673060154,97.0357454228422
2024-02-01,조선,101930,인화정공,71.22,2,10720.0,13080.0,23800.0,22800.0,37000.0,22.01492537313433,122.01492537313432,112.68656716417911,245.1492537313433
2024-02-01,조선,054180,메디콕스,61.34,3,11730.0,9960.0,9570.0,5025.0,4230.0,-15.089514066496163,-18.414322250639387,-57.1611253196931,-63.9386189258312
2024-02-01,증권,030610,교보증권,90.84,1,5260.0,5030.0,5170.0,5350.0,5350.0,-4.3726235741444865,-1.7110266159695817,1.7110266159695817,1.7110266159695817
2024-02-01,증권,001270,부국증권,82.26,2,24350.0,23800.0,26400.0,28050.0,27300.0,-2.2587268993839835,8.41889117043121,15.195071868583163,12.114989733059549
2024-02-01,증권,001720,신영증권,78.63,3,63000.0,67300.0,73200.0,81500.0,75300.0,6.825396825396825,16.19047619047619,29.365079365079367,19.523809523809526
2024-02-01,철강,069730,DSR제강,82.84,1,4210.0,4220.0,4395.0,3550.0,3500.0,0.23752969121140144,4.394299287410926,-15.676959619952493,-16.864608076009503
2024-02-01,철강,000590,CS홀딩스,82.27,2,68400.0,65500.0,68500.0,69700.0,67500.0,-4.239766081871345,0.14619883040935672,1.9005847953216373,-1.3157894736842104
2024-02-01,철강,012620,원일특강,79.34,3,8820.0,8310.0,7780.0,7130.0,7220.0,-5.782312925170068,-11.791383219954648,-19.160997732426306,-18.140589569160998
2024-02-01,출판,127710,아시아경제,73.03,1,1213.0,1214.0,1056.0,1333.0,1549.0,0.08244023083264633,-12.943116240725475,9.892827699917559,27.699917559769165
2024-02-01,출판,068290,삼성출판사,41.45,2,20450.0,18680.0,17150.0,13900.0,14730.0,-8.65525672371638,-16.13691931540342,-32.02933985330073,-27.970660146699267
2024-02-01,출판,016880,웅진,40.6,3,1206.0,1131.0,1116.0,902.0,866.0,-6.218905472636816,-7.462686567164178,-25.207296849087896,-28.192371475953564
2024-02-01,화학,003240,태광산업,86.91,1,943000.0,658000.0,615000.0,652000.0,621000.0,-30.22269353128314,-34.78260869565217,-30.858960763520678,-34.146341463414636
2024-02-01,화학,003650,미창석유,85.68,2,77500.0,79900.0,87000.0,94500.0,88200.0,3.096774193548387,12.258064516129032,21.935483870967744,13.806451612903226
2024-02-01,화학,027410,BGF,85.35,3,4040.0,3740.0,3680.0,3570.0,3310.0,-7.425742574257425,-8.91089108910891,-11.633663366336634,-18.06930693069307
2024-02-01,문구류,005360,모나미,13.91,1,3035.0,2770.0,2730.0,2195.0,2045.0,-8.731466227347612,-10.049423393739703,-27.677100494233937,-32.61943986820428
2024-02-01,부동산,123890,한국자산신탁,80.67,1,3295.0,3095.0,3060.0,2905.0,2775.0,-6.0698027314112295,-7.132018209408194,-11.836115326251896,-15.781487101669194
2024-02-01,부동산,033560,블루콤,68.42,2,3095.0,3605.0,3270.0,3355.0,3090.0,16.478190630048463,5.654281098546042,8.40064620355412,-0.16155088852988692
2024-02-01,부동산,005110,한창,42.81,3,1226.0,1254.0,1254.0,1254.0,1254.0,2.2838499184339316,2.2838499184339316,2.2838499184339316,2.2838499184339316
2024-02-01,자동차,067990,도이치모터스,44.75,1,5060.0,5200.0,4870.0,4610.0,4295.0,2.766798418972332,-3.7549407114624502,-8.893280632411066,-15.118577075098813
2024-02-01,포장재,005820,원림,75.34,1,18730.0,18490.0,16280.0,15400.0,14470.0,-1.2813667912439934,-13.080619327282433,-17.77896422851041,-22.744260544580886
2024-02-01,포장재,004450,삼화왕관,68.42,2,33450.0,33100.0,31700.0,30850.0,30200.0,-1.046337817638266,-5.23168908819133,-7.772795216741405,-9.715994020926756
2024-02-01,포장재,002870,신풍,61.79,3,834.0,869.0,1014.0,904.0,1295.0,4.1966426858513195,21.58273381294964,8.393285371702639,55.275779376498804
2024-02-01,항공사,180640,한진칼,69.53,1,74100.0,59800.0,67400.0,83600.0,78500.0,-19.298245614035086,-9.041835357624832,12.82051282051282,5.937921727395412
2024-02-01,항공사,298690,에어부산,21.66,2,3020.0,2780.0,2480.0,2330.0,2315.0,-7.9470198675496695,-17.880794701986755,-22.8476821192053,-23.344370860927153
2024-02-01,해운사,129260,인터지스,59.63,1,2605.0,2295.0,2310.0,2210.0,2300.0,-11.900191938579654,-11.324376199616124,-15.163147792706333,-11.708253358925145
2024-02-01,해운사,003280,흥아해운,26.66,2,3080.0,2545.0,2650.0,1878.0,1714.0,-17.37012987012987,-13.96103896103896,-39.02597402597402,-44.35064935064935
2024-02-01,핸드셋,000670,영풍,81.37,1,51626.0,39131.0,30511.0,38260.0,40500.0,-24.202921008794018,-40.89993414171154,-25.890055398442648,-21.551156394065003
2024-02-01,핸드셋,081580,성우전자,78.83,2,2280.0,2415.0,3355.0,4490.0,2900.0,5.921052631578947,47.14912280701755,96.9298245614035,27.192982456140353
2024-02-01,핸드셋,376290,씨유테크,67.09,3,3630.0,3330.0,3455.0,3155.0,2935.0,-8.264462809917356,-4.820936639118457,-13.085399449035812,-19.146005509641874
2024-02-01,화장품,002790,아모레퍼시픽홀딩스,65.32,1,25800.0,33600.0,31400.0,23150.0,23050.0,30.23255813953488,21.705426356589147,-10.271317829457365,-10.65891472868217
2024-02-01,화장품,226320,잇츠한불,61.15,2,11670.0,12590.0,13350.0,11780.0,11690.0,7.883461868037704,14.395886889460154,0.9425878320479864,0.17137960582690662
2024-02-01,화장품,025620,차AI헬스케어,58.45,3,5760.0,7000.0,5750.0,4995.0,3780.0,21.52777777777778,-0.1736111111111111,-13.28125,-34.375
2024-02-01,가정용품,009770,삼정펄프,85.61,1,25650.0,25000.0,26500.0,26800.0,25350.0,-2.53411306042885,3.313840155945419,4.483430799220272,-1.1695906432748537
2024-02-01,가정용품,053620,태양,65.94,2,7090.0,7280.0,6950.0,6270.0,6230.0,2.6798307475317347,-1.9746121297602257,-11.56558533145275,-12.129760225669958
2024-02-01,가정용품,012690,모나리자,40.09,3,2850.0,3740.0,3140.0,3900.0,2950.0,31.2280701754386,10.175438596491228,36.84210526315789,3.508771929824561
2024-02-01,건축자재,003300,한일홀딩스,78.8,1,11530.0,12810.0,13920.0,13990.0,13860.0,11.101474414570685,20.728534258456204,21.335646140503037,20.2081526452732
2024-02-01,건축자재,000320,노루홀딩스,75.04,2,11900.0,12250.0,13700.0,12900.0,12870.0,2.941176470588235,15.126050420168067,8.403361344537815,8.15126050420168
2024-02-01,건축자재,000860,강남제비스코,74.88,3,10004.0,13681.0,13806.0,12655.0,12455.0,36.75529788084766,38.00479808076769,26.499400239904038,24.50019992003199
2024-02-01,건축제품,005750,대림바스,74.4,1,3570.0,4140.0,3965.0,3480.0,3570.0,15.966386554621847,11.064425770308123,-2.5210084033613445,0.0
2024-02-01,건축제품,018310,삼목에스폼,72.8,2,16730.0,19570.0,20950.0,20900.0,19200.0,16.975493126120742,25.22414823670054,24.92528392109982,14.763897190675435
2024-02-01,건축제품,006570,대림통상,46.34,3,2945.0,2880.0,2965.0,2730.0,2590.0,-2.2071307300509337,0.6791171477079796,-7.30050933786078,-12.054329371816639
2024-02-01,기타금융,007330,푸른저축은행,66.13,1,9540.0,9250.0,8690.0,8820.0,8110.0,-3.039832285115304,-8.90985324947589,-7.547169811320755,-14.9895178197065
2024-02-01,기타금융,023760,한국캐피탈,60.09,2,596.0,619.0,600.0,559.0,528.0,3.859060402684564,0.6711409395973155,-6.208053691275168,-11.409395973154362
2024-02-01,기타금융,038540,상상인,54.23,3,3590.0,3330.0,2810.0,1610.0,1467.0,-7.242339832869081,-21.72701949860724,-55.15320334261838,-59.13649025069638
2024-02-01,복합기업,402340,SK스퀘어,84.55,1,53600.0,75000.0,83300.0,83900.0,87600.0,39.92537313432835,55.41044776119403,56.529850746268664,63.43283582089553
2024-02-01,복합기업,004800,효성,77.36,2,50149.0,46220.0,45200.0,50400.0,44750.0,-7.834652734850146,-9.868591597040819,0.5005084847155477,-10.76591756565435
2024-02-01,복합기업,004150,한솔홀딩스,77.05,3,2970.0,2815.0,2680.0,2285.0,2300.0,-5.218855218855219,-9.764309764309765,-23.063973063973066,-22.55892255892256
2024-02-01,비철금속,032560,황금에스티,85.71,1,7360.0,6800.0,6100.0,5270.0,4890.0,-7.608695652173914,-17.119565217391305,-28.396739130434785,-33.559782608695656
2024-02-01,비철금속,005810,풍산홀딩스,79.64,2,25871.0,32250.0,26950.0,27300.0,25200.0,24.656951799311972,4.1706930539986855,5.523559197557111,-2.5936376637934364
2024-02-01,비철금속,009160,SIMPAC,76.89,3,4180.0,4175.0,3775.0,4030.0,3925.0,-0.11961722488038277,-9.688995215311005,-3.588516746411483,-6.100478468899522
2024-02-01,생물공학,084990,헬릭스미스,48.27,1,3395.0,4430.0,4045.0,3635.0,2535.0,30.486008836524302,19.145802650957293,7.069219440353461,-25.331369661266567
2024-02-01,생물공학,185490,아이진,46.57,2,3190.0,3080.0,3375.0,2875.0,2570.0,-3.4482758620689653,5.799373040752351,-9.87460815047022,-19.435736677115987
2024-02-01,생물공학,352770,셀레스트라,40.09,3,32550.0,26100.0,19950.0,9450.0,7125.0,-19.81566820276498,-38.70967741935484,-70.96774193548387,-78.11059907834101
2024-02-01,손해보험,000540,흥국화재,59.65,1,4370.0,4330.0,4320.0,3455.0,3185.0,-0.9153318077803204,-1.1441647597254003,-20.938215102974826,-27.11670480549199
2024-02-01,전기장비,015860,일진홀딩스,80.43,1,3960.0,4365.0,4030.0,3990.0,3695.0,10.227272727272728,1.7676767676767675,0.7575757575757576,-6.691919191919192
2024-02-01,전기장비,017040,광명전기,54.93,2,2180.0,2730.0,2100.0,1374.0,1451.0,25.229357798165136,-3.669724770642202,-36.972477064220186,-33.440366972477065
2024-02-01,전기장비,267260,HD현대일렉트릭,48.28,3,99200.0,239500.0,320500.0,322500.0,408500.0,141.43145161290323,223.08467741935485,225.1008064516129,311.7943548387097
2024-02-01,전기제품,002230,피에스텍,68.78,1,3625.0,3815.0,4025.0,3610.0,4005.0,5.241379310344827,11.03448275862069,-0.41379310344827586,10.482758620689655
2024-02-01,전기제품,042110,에스씨디,66.83,2,1762.0,1505.0,1480.0,1463.0,1415.0,-14.585698070374576,-16.00454029511918,-16.969353007945518,-19.693530079455165
2024-02-01,전기제품,313760,캐리,55.45,3,10000.0,7460.0,3565.0,6720.0,3600.0,-25.4,-64.35,-32.800000000000004,-64.0
2024-02-01,전문소매,064240,홈캐스트,65.29,1,2760.0,2995.0,3080.0,2630.0,2060.0,8.51449275362319,11.594202898550725,-4.710144927536232,-25.36231884057971
2024-02-01,전문소매,002420,세기상사,28.36,2,6490.0,8180.0,6000.0,5930.0,5100.0,26.040061633281976,-7.550077041602465,-8.628659476117104,-21.417565485362093
2024-02-01,전자제품,092600,앤씨앤,56.5,1,1420.0,1692.0,1220.0,1185.0,1008.0,19.154929577464788,-14.084507042253522,-16.549295774647888,-29.014084507042252
2024-02-01,전자제품,009140,경인전자,56.01,2,22800.0,23950.0,21850.0,20550.0,19150.0,5.0438596491228065,-4.166666666666666,-9.868421052631579,-16.00877192982456
2024-02-01,전자제품,115160,휴맥스,55.95,3,3035.0,2470.0,1930.0,1680.0,1212.0,-18.616144975288304,-36.40856672158155,-44.64579901153213,-60.06589785831961
2024-02-01,창업투자,246690,TS인베스트먼트,65.05,1,1268.0,1280.0,1158.0,986.0,936.0,0.9463722397476341,-8.675078864353312,-22.239747634069403,-26.18296529968454
2024-02-01,창업투자,016600,큐캐피탈,63.73,2,341.0,314.0,323.0,272.0,263.0,-7.9178885630498534,-5.278592375366569,-20.234604105571847,-22.87390029325513
2024-02-01,창업투자,241520,DSC인베스트먼트,63.61,3,3290.0,3635.0,3120.0,2815.0,2740.0,10.486322188449847,-5.167173252279635,-14.437689969604865,-16.717325227963524
2024-02-01,통신장비,073540,에프알텍,60.44,1,2355.0,1821.0,1459.0,1252.0,1406.0,-22.67515923566879,-38.04670912951168,-46.83651804670913,-40.297239915074314
2024-02-01,통신장비,056360,코위버,55.47,2,6090.0,6090.0,4670.0,4855.0,5880.0,0.0,-23.316912972085387,-20.279146141215108,-3.4482758620689653
2024-02-01,통신장비,033240,자화전자,49.86,3,27950.0,25750.0,20600.0,15790.0,17030.0,-7.8711985688729875,-26.29695885509839,-43.506261180679786,-39.06976744186046
2024-02-01,판매업체,051390,YW,71.9,1,3700.0,3750.0,3675.0,3810.0,3685.0,1.3513513513513513,-0.6756756756756757,2.9729729729729732,-0.40540540540540543
2024-02-01,판매업체,019660,글로본,65.3,2,2438.0,2468.0,1799.0,1327.0,2033.0,1.2305168170631664,-26.210008203445444,-45.5701394585726,-16.611977030352747
2024-02-01,판매업체,003580,HLB글로벌,55.37,3,5530.0,6520.0,5600.0,3965.0,4320.0,17.90235081374322,1.2658227848101267,-28.3001808318264,-21.880650994575046
2024-02-01,교육서비스,072870,메가스터디,78.6,1,10990.0,11280.0,11300.0,11220.0,10870.0,2.6387625113739763,2.820746132848044,2.0928116469517746,-1.0919017288444042
2024-02-01,교육서비스,067280,멀티캠퍼스,64.64,2,35800.0,35250.0,32100.0,29000.0,29150.0,-1.536312849162011,-10.335195530726256,-18.994413407821227,-18.575418994413408
2024-02-01,교육서비스,133750,메가엠디,64.04,3,2750.0,2390.0,2130.0,2160.0,2060.0,-13.090909090909092,-22.545454545454547,-21.454545454545453,-25.09090909090909
2024-02-01,석유와가스,006120,SK디스커버리,82.2,1,41100.0,45250.0,38550.0,34250.0,34800.0,10.097323600973237,-6.204379562043796,-16.666666666666664,-15.328467153284672
2024-02-01,석유와가스,078930,GS,77.05,2,49700.0,44000.0,48750.0,41550.0,38050.0,-11.468812877263582,-1.9114688128772637,-16.398390342052313,-23.440643863179076
2024-02-01,석유와가스,012700,리드코프,71.63,3,5830.0,5300.0,4845.0,4325.0,3795.0,-9.090909090909092,-16.895368782161235,-25.8147512864494,-34.90566037735849
2024-02-01,소프트웨어,078000,텔코웨어,84.23,1,10120.0,10330.0,10400.0,9950.0,8880.0,2.075098814229249,2.766798418972332,-1.6798418972332017,-12.25296442687747
2024-02-01,소프트웨어,039310,세중,77.17,2,2385.0,1920.0,1855.0,1673.0,1724.0,-19.49685534591195,-22.22222222222222,-29.853249475890987,-27.714884696016775
2024-02-01,소프트웨어,136540,윈스테크넷,66.4,3,12990.0,12500.0,13420.0,12880.0,10930.0,-3.7721324095458044,3.3102386451116246,-0.8468052347959968,-15.858352578906851
2024-02-01,운송인프라,003100,선광,88.8,1,19800.0,17970.0,16890.0,15610.0,15750.0,-9.242424242424242,-14.696969696969697,-21.161616161616163,-20.454545454545457
2024-02-01,운송인프라,038620,위즈코프,52.98,2,770.0,760.0,687.0,601.0,844.0,-1.2987012987012987,-10.779220779220779,-21.948051948051948,9.61038961038961
2024-02-01,운송인프라,045340,토탈소프트,49.02,3,4460.0,5390.0,5060.0,5550.0,6960.0,20.85201793721973,13.452914798206278,24.43946188340807,56.05381165919282
2024-02-01,자동차부품,036530,SNT홀딩스,90.67,1,20100.0,22650.0,23500.0,22700.0,26400.0,12.686567164179104,16.91542288557214,12.935323383084576,31.343283582089555
2024-02-01,자동차부품,024830,세원물산,86.93,2,7160.0,7400.0,6600.0,6150.0,8520.0,3.35195530726257,-7.82122905027933,-14.106145251396649,18.994413407821227
2024-02-01,자동차부품,021820,세원정공,85.88,3,8060.0,8130.0,8080.0,6790.0,7600.0,0.8684863523573202,0.24813895781637718,-15.75682382133995,-5.707196029776675
2024-02-01,종이와목재,000180,성창기업지주,75.18,1,2120.0,1979.0,1670.0,1399.0,1375.0,-6.650943396226415,-21.22641509433962,-34.009433962264154,-35.14150943396226
2024-02-01,종이와목재,213500,한솔제지,69.43,2,10940.0,10950.0,10290.0,9170.0,8390.0,0.09140767824497258,-5.941499085923217,-16.179159049360145,-23.308957952468006
2024-02-01,종이와목재,034810,해성산업,65.72,3,8030.0,7720.0,7660.0,6640.0,5730.0,-3.8605230386052307,-4.60772104607721,-17.31008717310087,-28.6425902864259
2024-02-01,가스유틸리티,003480,한진중공업홀딩스,77.52,1,3225.0,3450.0,3530.0,3425.0,3475.0,6.976744186046512,9.45736434108527,6.2015503875969,7.751937984496124
2024-02-01,가스유틸리티,017390,서울가스,73.54,2,60600.0,56900.0,55700.0,52500.0,48450.0,-6.105610561056106,-8.085808580858085,-13.366336633663368,-20.049504950495052
2024-02-01,가스유틸리티,015360,INVENI,72.48,3,34850.0,39950.0,43100.0,50500.0,50100.0,14.634146341463413,23.672883787661405,44.90674318507891,43.75896700143472
2024-02-01,건강관리기술,035610,솔본,88.63,1,4585.0,4680.0,4115.0,3945.0,4050.0,2.0719738276990185,-10.25081788440567,-13.958560523446021,-11.668484187568156
2024-02-01,건강관리기술,071200,인피니트헬스케어,79.31,2,5320.0,5230.0,4755.0,4275.0,4100.0,-1.6917293233082706,-10.6203007518797,-19.642857142857142,-22.932330827067666
2024-02-01,건강관리기술,032620,유비케어,61.04,3,5000.0,4760.0,4465.0,4540.0,3295.0,-4.8,-10.7,-9.2,-34.1
2024-02-01,전기유틸리티,130660,한전산업,38.02,1,7430.0,7790.0,15640.0,12700.0,11660.0,4.8452220726783315,110.49798115746971,70.92866756393002,56.93135935397039
2024-02-01,도로와철도운송,024800,유성티엔에스,88.83,1,2400.0,2110.0,2075.0,1962.0,1861.0,-12.083333333333334,-13.541666666666666,-18.25,-22.458333333333332
2024-02-01,도로와철도운송,084670,동양고속,60.54,2,12300.0,11480.0,9550.0,8260.0,7140.0,-6.666666666666667,-22.35772357723577,-32.84552845528455,-41.951219512195124
2024-02-01,도로와철도운송,000650,천일고속,39.82,3,54600.0,45800.0,45900.0,39800.0,38550.0,-16.117216117216117,-15.934065934065933,-27.106227106227106,-29.395604395604398
2024-02-01,디스플레이패널,121800,비덴트,11.97,1,3320.0,3320.0,3320.0,3320.0,3320.0,0.0,0.0,0.0,0.0
2024-02-01,무선통신서비스,006490,인스코비,26.5,1,1405.0,1215.0,1009.0,1523.0,1476.0,-13.523131672597867,-28.18505338078292,8.398576512455517,5.05338078291815
2024-02-01,사무용전자제품,029530,신도리코,51.11,1,37300.0,37200.0,37550.0,41800.0,38000.0,-0.2680965147453083,0.6702412868632708,12.064343163538874,1.876675603217158
2024-02-01,우주항공과국방,035460,기산텔레콤,73.55,1,2430.0,2415.0,1957.0,1762.0,1766.0,-0.6172839506172839,-19.465020576131685,-27.48971193415638,-27.325102880658434
2024-02-01,우주항공과국방,327260,RF머트리얼즈,63.82,2,9790.0,9080.0,9760.0,6640.0,5620.0,-7.252298263534218,-0.30643513789581206,-32.17568947906027,-42.59448416751788
2024-02-01,우주항공과국방,010820,퍼스텍,37.28,3,3255.0,3400.0,3155.0,3175.0,3005.0,4.45468509984639,-3.0721966205837172,-2.457757296466974,-7.680491551459294
2024-02-01,전자장비와기기,094840,슈프리마에이치큐,74.48,1,8420.0,6870.0,6600.0,5730.0,5990.0,-18.40855106888361,-21.61520190023753,-31.947743467933492,-28.859857482185276
2024-02-01,전자장비와기기,008060,대덕,73.16,2,6500.0,6290.0,6400.0,6200.0,6720.0,-3.230769230769231,-1.5384615384615385,-4.615384615384616,3.3846153846153846
2024-02-01,전자장비와기기,069510,에스텍,71.35,3,8700.0,8620.0,10000.0,11000.0,10950.0,-0.9195402298850575,14.942528735632186,26.436781609195403,25.862068965517242
2024-02-01,가정용기기와용품,284740,쿠쿠홈시스,72.72,1,20550.0,23500.0,22150.0,22150.0,19190.0,14.355231143552311,7.785888077858881,7.785888077858881,-6.618004866180048
2024-02-01,가정용기기와용품,067170,오텍,61.3,2,3952.0,3639.0,3586.0,3436.0,2996.0,-7.92004048582996,-9.261133603238866,-13.056680161943321,-24.19028340080972
2024-02-01,가정용기기와용품,009450,경동나비엔,57.92,3,48650.0,54800.0,59300.0,86500.0,79700.0,12.64131551901336,21.891058581706062,77.80061664953752,63.82322713257965
2024-02-01,게임엔터테인먼트,052790,액토즈소프트,85.37,1,8770.0,9450.0,8250.0,6420.0,6590.0,7.753705815279361,-5.929304446978335,-26.795895096921324,-24.857468643101484
2024-02-01,게임엔터테인먼트,042420,네오위즈홀딩스,75.45,2,27100.0,20000.0,17480.0,20650.0,16090.0,-26.199261992619927,-35.49815498154982,-23.800738007380073,-40.62730627306273
2024-02-01,게임엔터테인먼트,047080,한빛소프트,64.12,3,2900.0,1923.0,1395.0,1379.0,1287.0,-33.689655172413794,-51.89655172413793,-52.44827586206896,-55.62068965517242
2024-02-01,레저용장비와제품,121440,골프존홀딩스,88.54,1,4030.0,3840.0,3700.0,3785.0,3390.0,-4.714640198511166,-8.188585607940446,-6.079404466501241,-15.88089330024814
2024-02-01,레저용장비와제품,002450,삼익악기,65.11,2,1039.0,1287.0,1113.0,1065.0,1216.0,23.86910490856593,7.122232916265641,2.5024061597690084,17.035611164581326
2024-02-01,레저용장비와제품,024950,삼천리자전거,61.93,3,6450.0,5190.0,4690.0,3995.0,4025.0,-19.53488372093023,-27.286821705426355,-38.06201550387597,-37.5968992248062
2024-02-01,백화점과일반상점,067830,세이브존I&C,82.11,1,2670.0,2360.0,2245.0,2080.0,2020.0,-11.610486891385769,-15.917602996254681,-22.09737827715356,-24.344569288389515
2024-02-01,백화점과일반상점,006370,대구백화점,27.08,2,9990.0,6580.0,6790.0,6850.0,7290.0,-34.134134134134136,-32.032032032032035,-31.431431431431434,-27.027027027027028
2024-02-01,컴퓨터와주변기기,043360,디지아이,64.62,1,2960.0,2320.0,2215.0,2250.0,1865.0,-21.62162162162162,-25.16891891891892,-23.986486486486484,-36.99324324324324
2024-02-01,컴퓨터와주변기기,065690,파커스,62.17,2,1355.0,1191.0,1015.0,1044.0,986.0,-12.103321033210332,-25.092250922509223,-22.952029520295202,-27.232472324723243
2024-02-01,컴퓨터와주변기기,004920,씨아이테크,49.7,3,1324.0,1179.0,1120.0,1402.0,1083.0,-10.95166163141994,-15.407854984894259,5.8912386706948645,-18.202416918429005
2024-02-01,건강관리장비와용품,137310,에스디바이오센서,66.89,1,10620.0,10490.0,9620.0,8870.0,11780.0,-1.2241054613935969,-9.416195856873824,-16.47834274952919,10.922787193973635
2024-02-01,건강관리장비와용품,115480,씨유메디칼,66.84,2,789.0,730.0,730.0,726.0,640.0,-7.477820025348543,-7.477820025348543,-7.984790874524715,-18.88466413181242
2024-02-01,건강관리장비와용품,100700,세운메디칼,62.52,3,2740.0,2730.0,2815.0,2710.0,2430.0,-0.36496350364963503,2.737226277372263,-1.094890510948905,-11.313868613138686
2024-02-01,무역회사와판매업체,383800,LX홀딩스,91.16,1,7460.0,6940.0,7280.0,7190.0,6700.0,-6.970509383378016,-2.4128686327077746,-3.6193029490616624,-10.187667560321715
2024-02-01,무역회사와판매업체,011760,현대코퍼레이션,77.1,2,18860.0,17710.0,21450.0,20100.0,18810.0,-6.097560975609756,13.732767762460233,6.574761399787911,-0.2651113467656416
2024-02-01,무역회사와판매업체,047050,포스코인터내셔널,54.89,3,53500.0,46200.0,54800.0,50400.0,41450.0,-13.644859813084112,2.4299065420560746,-5.794392523364486,-22.523364485981308
2024-02-01,반도체와반도체장비,071280,로체시스템즈,76.3,1,7400.0,11540.0,13430.0,18120.0,15790.0,55.945945945945944,81.48648648648648,144.86486486486487,113.37837837837839
2024-02-01,반도체와반도체장비,227950,엔투텍,75.75,2,606.0,671.0,584.0,439.0,445.0,10.726072607260726,-3.6303630363036308,-27.557755775577558,-26.567656765676567
2024-02-01,반도체와반도체장비,054940,엑사이엔씨,75.04,3,844.0,820.0,816.0,750.0,693.0,-2.843601895734597,-3.3175355450236967,-11.137440758293838,-17.890995260663505
2024-02-01,방송과엔터테인먼트,131100,티엔엔터테인먼트,62.45,1,2015.0,1779.0,1582.0,1560.0,1258.0,-11.712158808933003,-21.488833746898266,-22.58064516129032,-37.5682382133995
2024-02-01,방송과엔터테인먼트,032800,판타지오,61.34,2,924.0,1135.0,910.0,756.0,509.0,22.835497835497836,-1.5151515151515151,-18.181818181818183,-44.91341991341991
2024-02-01,방송과엔터테인먼트,039340,한국경제TV,58.28,3,6080.0,5940.0,5450.0,5380.0,5740.0,-2.302631578947368,-10.361842105263158,-11.513157894736842,-5.592105263157895
2024-02-01,상업서비스와공급품,122900,아이마켓코리아,67.21,1,8450.0,8450.0,8630.0,8370.0,7680.0,0.0,2.130177514792899,-0.9467455621301776,-9.112426035502958
2024-02-01,상업서비스와공급품,012750,에스원,66.98,2,56900.0,60200.0,56400.0,64300.0,58500.0,5.799648506151142,-0.8787346221441126,13.005272407732866,2.8119507908611596
2024-02-01,상업서비스와공급품,058850,KTcs,64.33,3,3790.0,3220.0,3195.0,2795.0,2735.0,-15.03957783641161,-15.699208443271766,-26.2532981530343,-27.83641160949868
2024-02-01,에너지장비및서비스,095910,에스에너지,43.99,1,1815.0,1949.0,1823.0,1464.0,1287.0,7.382920110192838,0.4407713498622589,-19.33884297520661,-29.09090909090909
2024-02-01,에너지장비및서비스,099220,SDN,39.97,2,1167.0,1736.0,1669.0,1213.0,1137.0,48.75749785775493,43.01628106255356,3.941730934018852,-2.570694087403599
2024-02-01,에너지장비및서비스,043200,파루,37.44,3,633.0,640.0,581.0,545.0,507.0,1.1058451816745656,-8.214849921011059,-13.902053712480253,-19.90521327014218
2024-02-01,항공화물운송과물류,004360,세방,80.58,1,13000.0,12070.0,13990.0,11980.0,11240.0,-7.153846153846153,7.615384615384616,-7.846153846153846,-13.538461538461538
2024-02-01,항공화물운송과물류,000120,CJ대한통운,60.47,2,137400.0,120600.0,98800.0,88400.0,78500.0,-12.22707423580786,-28.093158660844253,-35.662299854439595,-42.867540029112085
2024-02-01,항공화물운송과물류,009070,KCTC,52.36,3,4110.0,4040.0,6300.0,4415.0,3690.0,-1.70316301703163,53.284671532846716,7.420924574209247,-10.218978102189782
2024-02-01,건강관리업체및서비스,263700,케어랩스,80.55,1,4530.0,3985.0,3760.0,2975.0,2300.0,-12.030905077262693,-16.99779249448124,-34.32671081677704,-49.22737306843267
2024-02-01,건강관리업체및서비스,044820,코스맥스비티아이,74.82,2,9930.0,9560.0,9300.0,8760.0,8510.0,-3.726082578046324,-6.3444108761329305,-11.782477341389729,-14.300100704934543
2024-02-01,건강관리업체및서비스,318010,팜스빌,64.63,3,7260.0,6590.0,6040.0,5110.0,3510.0,-9.228650137741047,-16.804407713498623,-29.614325068870524,-51.652892561983464
2024-02-01,디스플레이장비및부품,068790,DMS,73.91,1,6300.0,6320.0,5670.0,5460.0,6010.0,0.31746031746031744,-10.0,-13.333333333333334,-4.603174603174604
2024-02-01,디스플레이장비및부품,052420,오성첨단소재,66.81,2,1379.0,1419.0,2460.0,1688.0,1416.0,2.9006526468455403,78.39013778100072,22.4075416968818,2.6831036983321246
2024-02-01,디스플레이장비및부품,073110,엘엠에스,61.9,3,6270.0,6220.0,6620.0,6330.0,6500.0,-0.7974481658692184,5.582137161084529,0.9569377990430622,3.6682615629984054
2024-02-01,생명과학도구및서비스,096530,씨젠,80.05,1,25900.0,22150.0,21300.0,23000.0,23150.0,-14.478764478764477,-17.760617760617762,-11.196911196911197,-10.617760617760617
2024-02-01,생명과학도구및서비스,205470,휴마시스,63.8,2,1717.0,1903.0,1750.0,1829.0,1677.0,10.83284799068142,1.92195690157251,6.523005241700641,-2.3296447291788
2024-02-01,생명과학도구및서비스,131220,대한과학,58.93,3,6140.0,5890.0,5380.0,4810.0,4600.0,-4.071661237785016,-12.37785016286645,-21.661237785016286,-25.0814332247557
2024-02-01,식품과기본식료품소매,227840,현대코퍼레이션홀딩스,87.34,1,11000.0,11160.0,11050.0,10580.0,10200.0,1.4545454545454546,0.45454545454545453,-3.8181818181818183,-7.2727272727272725
2024-02-01,식품과기본식료품소매,006880,신송홀딩스,47.68,2,6940.0,7160.0,7400.0,8270.0,6790.0,3.170028818443804,6.628242074927954,19.164265129683,-2.161383285302594
2024-02-01,식품과기본식료품소매,250000,보라티알,37.2,3,10850.0,11100.0,11000.0,9630.0,9700.0,2.3041474654377883,1.3824884792626728,-11.244239631336406,-10.599078341013826
2024-02-01,양방향미디어와서비스,214270,FSN,62.25,1,3245.0,2285.0,2090.0,2235.0,1746.0,-29.583975346687215,-35.59322033898305,-31.124807395993837,-46.19414483821264
2024-02-01,양방향미디어와서비스,207760,미스터블루,45.34,2,2420.0,2645.0,1675.0,1351.0,1060.0,9.297520661157025,-30.785123966942145,-44.17355371900826,-56.19834710743802
2024-02-01,양방향미디어와서비스,089230,THE E&M,35.99,3,2150.0,2045.0,1447.0,1248.0,854.0,-4.883720930232558,-32.69767441860465,-41.95348837209302,-60.27906976744186
2024-02-01,인터넷과카탈로그소매,035080,그래디언트,53.59,1,13630.0,16190.0,12670.0,11610.0,11450.0,18.782098312545855,-7.043286867204696,-14.820249449743214,-15.994130594277328
2024-02-01,인터넷과카탈로그소매,053280,예스24,53.58,2,5050.0,4620.0,5580.0,5670.0,4315.0,-8.514851485148515,10.495049504950495,12.277227722772277,-14.554455445544553
2024-02-01,인터넷과카탈로그소매,069920,엑시온그룹,40.36,3,3440.0,2020.0,2390.0,1253.0,847.0,-41.27906976744186,-30.523255813953487,-63.575581395348834,-75.37790697674419
2024-02-01,"호텔,레스토랑,레저",019010,베뉴지,64.91,1,2085.0,2060.0,2025.0,2180.0,2055.0,-1.1990407673860912,-2.877697841726619,4.556354916067146,-1.4388489208633095
2024-02-01,"호텔,레스토랑,레저",034230,파라다이스,64.23,2,12930.0,15400.0,12070.0,10470.0,9730.0,19.102861562258315,-6.651198762567673,-19.02552204176334,-24.74864655839134
2024-02-01,"호텔,레스토랑,레저",035250,강원랜드,61.45,3,15530.0,15300.0,14530.0,17640.0,16300.0,-1.4810045074050224,-6.439150032195751,13.586606567933032,4.958145524790727
2024-02-01,"섬유,의류,신발,호화품",000950,전방,92.81,1,24350.0,20150.0,20050.0,19200.0,18000.0,-17.248459958932237,-17.659137577002053,-21.149897330595483,-26.07802874743326
2024-02-01,"섬유,의류,신발,호화품",005800,신영와코루,79.02,2,9690.0,9260.0,9080.0,9450.0,9980.0,-4.437564499484004,-6.29514963880289,-2.476780185758514,2.9927760577915374
2024-02-01,"섬유,의류,신발,호화품",088790,진도,77.79,3,2040.0,2370.0,1918.0,1765.0,1760.0,16.176470588235293,-5.980392156862745,-13.480392156862745,-13.725490196078432
2024-02-01,IT서비스,034310,NICE,80.23,1,13860.0,12300.0,10790.0,11210.0,10530.0,-11.255411255411255,-22.150072150072152,-19.11976911976912,-24.025974025974026
2024-02-01,IT서비스,115310,인포바인,78.64,2,22700.0,21450.0,20250.0,19930.0,32850.0,-5.506607929515418,-10.79295154185022,-12.202643171806168,44.713656387665196
2024-02-01,IT서비스,070590,인티큐브,75.7,3,1931.0,1468.0,1315.0,1119.0,1030.0,-23.977213878819263,-31.90056965302952,-42.05075090626618,-46.65976178146038
