stock_code,stock_name,corp_cls,current_per,current_pbr,current_bps,current_div,avg_per_3yr,avg_pbr_3yr,min_pbr_3yr
109960,AP헬스케어,일반기업,0.0,0.12,1503.0,0.0,7.472235772357724,0.20385674931129477,0.1
002070,비비안,일반기업,0.0,0.12,2922.0,0.0,,0.31139118457300274,0.12
003060,에이프로젠바이오로직스,일반기업,0.0,0.13,1916.0,0.0,16.718650793650795,0.3111570247933884,0.12
143210,핸즈코퍼레이션,일반기업,0.0,0.15,7762.0,0.0,,0.23891184573002755,0.13
145210,다이나믹디자인,일반기업,0.0,0.16,1374.0,0.0,,1.1642699724517906,0.16
084180,수성웹툰,일반기업,0.0,0.16,7164.0,0.0,,0.8711019283746556,0.15
313760,캐리,일반기업,0.0,0.18,2581.0,0.0,,1.7281404958677686,0.18
008600,윌비스,일반기업,0.0,0.19,13440.0,0.0,,0.3238154269972452,0.18
123840,뉴온,일반기업,0.0,0.2,2846.0,0.0,,0.6100413223140496,0.18
065060,지엔코,일반기업,0.0,0.21,2747.0,0.0,,0.6662947658402204,0.19
006840,AK홀딩스,일반기업,0.0,0.21,40295.0,4.69,4.632845188284519,0.3174517906336088,0.19
008250,이건산업,일반기업,0.0,0.21,19779.0,2.38,13.248730158730158,0.29836088154269974,0.18
110790,크리스에프앤씨,일반기업,0.0,0.23,17178.0,5.06,6.354704684317719,0.4072451790633609,0.22
004870,티웨이홀딩스,일반기업,0.0,0.23,1325.0,0.0,8.015103305785123,0.39829201101928374,0.23
106080,케이이엠텍,일반기업,0.0,0.24,6910.0,0.0,123.41281632653062,4.442314049586777,0.21
065130,탑엔지니어링,일반기업,0.0,0.26,13002.0,0.0,5.280753138075314,0.3970798898071625,0.22
069920,엑시온그룹,일반기업,0.0,0.27,1299.0,0.0,3.862857142857143,1.153457300275482,0.27
308100,형지글로벌,일반기업,0.0,0.27,3822.0,0.0,,0.5038705234159779,0.24
214330,금호에이치티,일반기업,0.0,0.27,1497.0,0.0,,0.38895316804407715,0.25
035620,바른손이앤에이,일반기업,0.0,0.27,913.0,0.0,6.9557142857142855,0.5106887052341598,0.26
276040,스코넥,일반기업,0.0,0.27,1225.0,0.0,,2.732127955493741,0.27
043100,알파녹스,일반기업,0.0,0.28,1842.0,0.0,,1.0776170798898073,0.27
009310,참엔지니어링,일반기업,0.0,0.29,3665.0,0.0,,0.4114187327823691,0.25
028080,휴맥스홀딩스,일반기업,0.0,0.3,4943.0,0.0,,0.45633608815426996,0.25
032800,판타지오,일반기업,0.0,0.32,1069.0,0.0,,1.1700826446280992,0.29
119650,KC코트렐,일반기업,0.0,0.35,2632.0,0.0,5.3028571428571425,0.800564738292011,0.35
005360,모나미,일반기업,0.0,0.36,4845.0,1.7,18.57107142857143,0.4849586776859504,0.34
042040,케이피엠테크,일반기업,0.0,0.37,393.0,0.0,10.151589958158995,0.5859090909090909,0.34
200230,텔콘RF제약,일반기업,0.0,0.38,1859.0,0.0,4.7006694560669455,0.8313636363636364,0.32
002210,동성제약,일반기업,0.0,0.4,2413.0,0.0,,2.0834159779614323,0.4
205470,휴마시스,일반기업,0.0,0.4,2026.0,0.0,1.541031746031746,0.7269559228650138,0.34
043220,티에스넥스젠,일반기업,0.0,0.41,4150.0,0.0,,1.020564738292011,0.38
348030,모비릭스,일반기업,0.0,0.43,6075.0,0.0,14.62888888888889,0.8003443526170799,0.38
007720,소노스퀘어,일반기업,0.0,0.43,1000.0,0.0,,0.6593801652892562,0.38
064800,포니링크,일반기업,0.0,0.43,1573.0,0.0,3.432857142857143,0.7566528925619834,0.38
095720,웅진씽크빅,일반기업,0.0,0.44,2611.0,7.81,91.41654761904762,0.6826308539944903,0.38
239610,에이치엘사이언스,일반기업,0.0,0.45,18564.0,0.0,49.29714285714286,0.6513085399449036,0.38
299900,위지윅스튜디오,일반기업,0.0,0.45,989.0,0.0,5.097322175732217,1.6811157024793388,0.41
214610,미코바이오메드,일반기업,0.0,0.46,5030.0,0.0,,2.1146005509641874,0.45
056730,CNT85,일반기업,0.0,0.48,1021.0,0.0,19.31504132231405,1.300413223140496,0.43
009810,플레이그램,일반기업,0.0,0.48,2420.0,0.0,45.82734693877551,0.8725619834710744,0.42
015020,이스타코,일반기업,0.0,0.48,963.0,0.0,19.767142857142858,0.7654820936639118,0.43
032680,소프트센,일반기업,0.0,0.49,504.0,0.0,5.678174603174603,0.816129476584022,0.44
206400,베노티앤알,일반기업,0.0,0.49,2538.0,0.0,14.545714285714286,1.1996143250688704,0.45
009730,이렘,일반기업,0.0,0.51,933.0,0.0,242.85646694214876,2.004710743801653,0.51
238200,비피도,일반기업,0.0,0.51,5707.0,0.0,30.57327902240326,0.7248898071625345,0.44
093240,형지엘리트,일반기업,0.0,0.51,2049.0,0.0,12.799860031104199,0.6957988980716253,0.43
011330,유니켐,일반기업,0.0,0.52,1343.0,0.0,55.00087301587302,1.0354407713498623,0.45
030960,양지사,일반기업,0.0,0.52,13435.0,0.71,72.62434237995825,0.8146694214876034,0.47
289010,아이스크림에듀,일반기업,0.0,0.53,3091.0,0.0,63.574,0.7260743801652892,0.47
091120,이엠텍,일반기업,0.0,0.54,12451.0,0.0,18.76638888888889,1.6695454545454544,0.48
393970,대진첨단소재,일반기업,0.0,0.54,5231.0,0.0,443.68864864864867,1.428639705882353,0.47
085810,알티캐스트,일반기업,0.0,0.57,763.0,0.0,,0.95,0.53
012340,뉴인텍,일반기업,0.0,0.57,505.0,0.0,201.01142857142858,1.516198347107438,0.57
038880,아이에이,일반기업,0.0,0.58,232.0,0.0,76.82285714285715,1.0574793388429753,0.51
021880,메이슨캐피탈,일반기업,0.0,0.59,336.0,0.0,10.609411764705882,0.8625206611570247,0.58
068050,팬엔터테인먼트,일반기업,0.0,0.6,2843.0,0.0,9.309715447154472,1.0140495867768595,0.52
043910,자연과환경,일반기업,0.0,0.62,791.0,0.0,121.07363636363637,1.0226308539944904,0.59
043610,KT지니뮤직,일반기업,0.0,0.63,2843.0,0.0,10.690061983471075,0.9227272727272727,0.57
018700,바른손,일반기업,0.0,0.66,846.0,0.0,4.398571428571429,1.0431129476584022,0.59
244460,올리패스,일반기업,0.0,0.66,2498.0,0.0,,3.8858126721763084,0.66
089600,나스미디어,대기업,0.0,0.67,17644.0,5.91,9.663523421588595,0.9292561983471075,0.64
060570,드림어스컴퍼니,대기업,0.0,0.68,1940.0,0.0,6.540285714285714,1.0428512396694214,0.57
052770,아이톡시,일반기업,0.0,0.69,452.0,0.0,,5.646225895316804,0.69
023440,제이스코홀딩스,일반기업,0.0,0.7,744.0,0.0,,1.4314600550964187,0.7
079190,케스피온,일반기업,0.0,0.7,470.0,0.0,7.8730125523012555,1.3690082644628099,0.69
297890,HB솔루션,일반기업,0.0,0.71,3021.0,1.4,5.9674949083503055,1.4482920110192836,0.6
293490,카카오게임즈,대기업,0.0,0.76,16316.0,0.0,5.668571428571429,1.1218044077134985,0.71
016100,리더스코스메틱,일반기업,0.0,0.76,2036.0,0.0,216.65598326359833,1.1124793388429752,0.65
024890,대원화성,일반기업,0.0,0.79,1027.0,0.0,,1.063746556473829,0.67
037370,EG,일반기업,0.0,0.81,6681.0,0.0,32.07857142857143,1.2595316804407712,0.7
288330,브릿지바이오,일반기업,0.0,0.82,509.0,0.0,,3.9657988980716254,0.82
406820,뷰티스킨,일반기업,0.0,0.85,2414.0,0.0,17.203862433862433,1.5030467571644042,0.73
066910,손오공,일반기업,0.0,0.87,746.0,0.0,17.985714285714284,2.325289256198347,0.74
241840,에이스토리,일반기업,0.0,0.89,6184.0,0.0,24.01079429735234,1.6447658402203857,0.81
376980,원티드랩,일반기업,0.0,0.9,4087.0,0.0,24.611853360488798,1.6715702479338843,0.8
351870,차이커뮤니케이션,일반기업,0.0,0.91,4541.0,0.0,,1.2840425531914894,0.83
049950,미래컴퍼니,일반기업,0.0,0.95,15898.0,0.0,27.706578411405296,1.4282093663911846,0.8
083660,CSA 코스믹,일반기업,0.0,1.01,267.0,0.0,,7.5730853994490355,0.97
105550,엣지파운드리,일반기업,0.0,1.02,1214.0,0.0,,1.8839807162534434,0.92
208640,썸에이지,일반기업,0.0,1.06,163.0,0.0,4.9871428571428575,1.742741046831956,1.06
036420,콘텐트리중앙,대기업,0.0,1.1,5658.0,0.0,,2.33931129476584,0.93
431190,케이쓰리아이,일반기업,0.0,1.12,4063.0,0.0,26.394787878787877,1.908775,0.95
320000,한울반도체,일반기업,0.0,1.14,1342.0,0.0,34.34050916496945,2.124586776859504,1.06
011300,성안머티리얼스,일반기업,0.0,1.2,296.0,0.0,5.392857142857143,2.51133608815427,1.0
149980,하이로닉,일반기업,0.0,1.23,4147.0,0.0,29.92171079429735,1.6634022038567493,1.16
001570,금양,일반기업,0.0,1.25,7941.0,0.0,217.48142857142858,20.50643250688705,1.25
419050,삼기에너지솔루션즈,일반기업,0.0,1.27,1291.0,0.0,23.131487603305786,2.3934159779614324,1.12
300120,라온피플,일반기업,0.0,1.28,868.0,0.0,,2.338787878787879,1.08
236810,엔비티,일반기업,0.0,1.29,1571.0,0.0,52.434285714285714,2.273526170798898,1.1
363260,모비데이즈,일반기업,0.0,1.33,1162.0,0.0,,1.9964394993045897,1.14
064550,바이오니아,일반기업,0.0,1.37,8288.0,0.0,78.37440476190476,2.8779889807162533,1.2
060590,씨티씨바이오,일반기업,0.0,1.39,2912.0,0.0,34.99130612244898,2.232947658402204,1.24
334970,프레스티지바이오로직스,일반기업,0.0,1.42,1739.0,0.0,,2.8337741046831955,1.32
218150,미래생명자원,일반기업,0.0,1.43,2236.0,0.0,145.66325865580447,1.9919283746556473,1.29
420570,제이투케이바이오,일반기업,0.0,1.52,5467.0,2.41,16.022008368200837,3.1147679324894515,1.32
407400,꿈비,일반기업,0.0,1.57,2837.0,0.0,63.82186507936508,5.051019283746556,1.37
353590,오토앤,일반기업,0.0,1.6,1834.0,0.0,62.30428571428571,2.573595041322314,1.36
432430,와이랩,일반기업,0.0,1.63,2084.0,0.0,,5.405699248120301,1.36
206560,덱스터,일반기업,0.0,1.7,1717.0,0.0,,3.4285537190082644,1.43
317870,엔바이오니아,일반기업,0.0,1.94,4545.0,0.0,,4.325220385674931,1.82
418620,이에이트,일반기업,0.0,2.03,633.0,0.0,,3.812723404255319,1.73
068100,케이웨더,일반기업,0.0,2.12,1337.0,0.0,105.18531914893617,3.537236084452975,1.88
439580,블루엠텍,일반기업,0.0,2.43,1407.0,0.0,,23.423809523809524,2.11
226330,신테카바이오,일반기업,0.0,2.47,1368.0,0.0,,3.915289256198347,2.12
214260,라파스,일반기업,0.0,2.86,3492.0,0.0,39.03285714285714,4.243553719008265,2.66
388610,지에프씨생명과학,일반기업,0.0,4.36,2483.0,0.0,,6.311414141414142,3.72
