wics_name,stock_name,roe,pbr,return_6m
레저용장비와제품,오로라,13.0,0.46,303.2520325203252
반도체와반도체장비,원익홀딩스,3.0,0.28,284.0522875816994
화장품,차AI헬스케어,2.6,0.58,195.53398058252426
"호텔,레스토랑,레저",GS피앤엘,2.29,0.0,172.37136465324386
다각화된통신서비스,세종텔레콤,4.0,0.29,171.93877551020407
포장재,삼륭물산,11.0,0.66,163.7571157495256
증권,부국증권,5.68,0.31,143.3644859813084
증권,미래에셋증권,12.36,0.51,124.59893048128342
건강관리업체및서비스,케어랩스,33.0,0.62,120.9090909090909
자동차부품,SNT홀딩스,9.94,0.45,117.79788838612367
조선,HD현대,10.25,0.71,111.75675675675676
IT서비스,인포바인,7.0,0.62,107.18954248366013
화장품,원익,4.0,0.26,106.57142857142857
에너지장비및서비스,태웅,4.0,0.61,104.42875481386393
식품,선진,23.5,0.3,104.41988950276243
IT서비스,헥토파이낸셜,6.0,0.77,101.87196672059163
기계,씨피시스템,5.0,0.0,100.7168458781362
자동차부품,티에이치엔,36.85,0.48,96.32721202003339
복합기업,한화,3.3,0.39,96.2962962962963
에너지장비및서비스,HD현대에너지솔루션,10.59,0.72,93.48739495798318
제약,서흥,9.22,0.37,92.99499642601857
증권,한국금융지주,17.02,0.52,92.20430107526882
증권,키움증권,18.12,0.72,90.234375
반도체와반도체장비,메카로,6.0,0.57,89.42937324602433
"섬유,의류,신발,호화품",전방,13.99,0.11,88.35257082896118
"호텔,레스토랑,레저",파라다이스,5.62,0.68,87.89237668161435
은행,제주은행,2.25,0.45,86.85258964143426
복합유틸리티,지역난방공사,14.84,0.26,86.22881355932203
생명보험,삼성생명,4.96,0.35,85.74850299401199
건축자재,노루홀딩스,6.66,0.35,85.0909090909091
조선,대양전기공업,10.0,0.66,81.78993163455561
건축자재,동양,2.8,0.13,78.41726618705036
증권,신영증권,7.8,0.36,78.31978319783198
증권,다우기술,15.95,0.34,77.67767767767768
생명보험,미래에셋생명,8.42,0.2,77.13004484304933
증권,한화투자증권,3.73,0.46,76.29179331306992
전기제품,아비코전자,8.0,0.61,76.2906309751434
복합기업,효성,14.35,0.4,75.4601226993865
건강관리업체및서비스,코스맥스비티아이,11.08,0.43,75.45541706615532
소프트웨어,텔코웨어,5.56,0.43,75.37227949599084
창업투자,미래에셋벤처투자,8.0,0.7,75.054704595186
증권,DB증권,7.45,0.22,73.62637362637363
식품,엠에스씨,13.0,0.7,73.58803986710963
전자장비와기기,코리아써키트,11.54,0.67,73.23279924599434
통신장비,에프알텍,4.0,0.26,72.96296296296296
"호텔,레스토랑,레저",서부T&D,8.0,0.42,71.78571428571429
화학,원익머트리얼즈,10.0,0.56,71.60804020100502
통신장비,자화전자,11.15,0.66,69.7324414715719
핸드셋,아모텍,5.0,0.67,69.0885072655218
손해보험,에이플러스에셋,13.82,0.61,68.42105263157895
소프트웨어,SGA솔루션즈,40.0,0.54,68.02721088435374
핸드셋,코아시아씨엠,6.0,0.4,67.74744027303754
반도체와반도체장비,티이엠씨씨엔에스,4.0,0.49,66.73040152963671
비철금속,한컴위드,6.0,0.47,66.60377358490565
소프트웨어,디모아,5.0,0.32,65.82809224318657
전기유틸리티,한국전력,19.4,0.38,65.73426573426573
건설,동부건설,10.28,0.14,65.70605187319885
건강관리장비와용품,넥스트바이오메디컬,15.0,0.0,65.04161712247326
전자장비와기기,인바이오젠,10.64,0.49,64.93150684931507
디스플레이패널,LG디스플레이,3.44,0.47,63.79114642451759
반도체와반도체장비,싸이맥스,8.0,0.65,62.52408477842004
포장재,신대양제지,3.83,0.39,62.06395348837209
석유와가스,SK,6.35,0.35,61.38996138996139
전자장비와기기,포인트모바일,5.0,0.74,61.33093525179856
제약,일성아이에스,3.41,0.27,60.67929457870673
전기장비,LS,5.65,0.6,60.26871401151631
소프트웨어,케이사인,3.0,0.62,59.82256020278834
증권,대신증권,6.65,0.36,59.18869084204057
에너지장비및서비스,SK이터닉스,11.93,0.0,59.05797101449275
우주항공과국방,하이즈항공,5.0,0.56,58.35065835065835
통신장비,파이오링크,9.0,0.62,58.26666666666667
복합기업,삼성물산,6.02,0.57,58.13758389261745
증권,삼성증권,12.54,0.61,57.00110253583241
"섬유,의류,신발,호화품",F&F홀딩스,5.56,0.22,55.794701986754966
증권,교보증권,5.9,0.35,55.32646048109966
은행,우리금융지주,8.91,0.4,55.05952380952381
자동차부품,네오티스,8.0,0.77,54.94880546075085
해운사,팬스타엔터프라이즈,7.0,0.67,54.82041587901701
전기장비,일진홀딩스,7.36,0.36,54.43037974683544
건설,현대건설,4.58,0.5,54.3956043956044
IT서비스,NHN,2.2,0.39,53.74331550802139
자동차부품,대원산업,14.0,0.33,53.64864864864865
디스플레이장비및부품,베셀,56.0,0.61,53.62035225048924
손해보험,DB손해보험,16.11,0.52,53.08641975308642
손해보험,서울보증보험,4.46,0.46,52.7007299270073
핸드셋,이랜텍,9.0,0.51,52.54582484725051
게임엔터테인먼트,넷마블,4.15,0.67,52.39263803680982
복합기업,CJ,2.72,0.73,51.54038301415487
전자제품,가온그룹,5.0,0.26,51.17117117117117
식품,농심홀딩스,9.03,0.27,51.06382978723404
복합기업,현대지에프홀딩스,11.18,0.3,51.0597302504817
생명보험,동양생명,10.52,0.29,50.74906367041199
자동차부품,한국앤컴퍼니,7.52,0.36,50.45992115637319
증권,유진투자증권,5.9,0.22,50.4149377593361
항공화물운송과물류,KCTC,6.92,0.4,50.20408163265306
기타금융,한국캐피탈,14.0,0.28,50.18115942028986
증권,다우데이타,15.0,0.37,49.56369982547993
"섬유,의류,신발,호화품",영원무역홀딩스,12.83,0.45,49.39493949394939
은행,iM금융지주,6.45,0.25,49.17127071823204
창업투자,LB인베스트먼트,10.0,0.7,49.07539118065434
건설,계룡건설,11.1,0.14,49.03772132409546
무선통신서비스,LG유플러스,6.01,0.52,48.83495145631068
자동차부품,SJG세종,14.05,0.27,48.77450980392157
증권,현대차증권,3.84,0.19,48.66310160427807
식품,푸드웰,10.0,0.51,48.49094567404427
복합기업,HS효성,3.68,0.0,47.83715012722646
디스플레이장비및부품,에스켐,6.0,0.0,47.57281553398058
비철금속,풍산홀딩스,6.57,0.38,47.12230215827338
은행,신한지주,8.72,0.46,46.56964656964657
반도체와반도체장비,케이씨,5.45,0.29,46.42857142857143
전기제품,솔브레인홀딩스,32.0,0.49,46.42857142857143
철강,세아베스틸지주,2.89,0.31,46.27039627039627
은행,KB금융,9.98,0.53,46.10552763819095
백화점과일반상점,현대백화점,4.64,0.29,46.03709949409781
기계,HD건설기계,5.74,0.74,44.18604651162791
화학,SK케미칼,2.0,0.36,43.47275031685678
자동차부품,우리산업홀딩스,8.0,0.34,43.09978768577495
가스유틸리티,삼천리,6.84,0.2,42.85714285714286
전기제품,파워넷,11.0,0.47,42.7906976744186
부동산,한국토지신탁,2.1,0.21,42.39677744209466
건축자재,KCC,23.51,0.37,41.71428571428571
손해보험,코리안리,9.77,0.42,41.15384615384615
반도체와반도체장비,프로텍,15.0,0.7,41.12359550561798
가정용기기와용품,쿠쿠홀딩스,11.56,0.65,41.07142857142857
은행,하나금융지주,9.17,0.45,40.87947882736156
자동차,KG케미칼,7.14,0.27,40.68965517241379
"섬유,의류,신발,호화품",신영와코루,1.66,0.25,40.532544378698226
"섬유,의류,신발,호화품",BYC,3.52,0.42,40.52044609665428
항공화물운송과물류,동방,10.36,0.72,40.32634032634033
건축자재,성신양회,4.49,0.33,40.22824536376605
건설,금호건설,26.79,0.2,39.80392156862745
증권,NH투자증권,10.08,0.63,39.63768115942029
전자장비와기기,에이치시티,7.0,0.77,39.58810068649886
증권,LS증권,3.0,0.27,39.23705722070845
자동차부품,세원정공,6.73,0.13,39.15275994865212
게임엔터테인먼트,위메이드플레이,7.0,0.31,39.14373088685015
증권,유안타증권,4.5,0.34,39.04761904761905
조선,에스앤더블류,10.0,0.51,38.75968992248062
은행,BNK금융지주,7.58,0.33,38.56459330143541
운송인프라,한국공항,10.46,0.42,38.4297520661157
디스플레이장비및부품,동아엘텍,34.0,0.33,38.18493150684932
기계,KZ정밀,5.0,0.5,38.059701492537314
건축자재,아세아,2.65,0.41,38.01169590643275
기계,비엠티,14.0,0.66,36.65521191294387
"섬유,의류,신발,호화품",TP,14.54,0.31,35.58052434456929
가스유틸리티,한진중공업홀딩스,14.18,0.28,35.40540540540541
항공화물운송과물류,한솔로지스틱스,11.59,0.49,35.15439429928741
손해보험,한화손해보험,10.56,0.2,33.97590361445783
식품,동원수산,14.73,0.54,33.80423814328961
도로와철도운송,유성티엔에스,11.0,0.14,33.62541073384447
석유와가스,SK디스커버리,4.49,0.26,33.58681875792142
기계,케이피에프,8.0,0.37,33.49814585908529
건설,세보엠이씨,14.0,0.47,33.03212851405622
반도체와반도체장비,유니퀘스트,8.61,0.54,33.0188679245283
자동차부품,SNT모티브,6.97,0.67,32.76515151515152
자동차부품,성창오토텍,15.0,0.51,32.44047619047619
자동차부품,세원물산,6.0,0.19,32.13399503722084
은행,기업은행,7.7,0.37,31.802604523646334
가스유틸리티,INVENI,15.46,0.42,31.68103448275862
컴퓨터와주변기기,아이디스홀딩스,11.0,0.3,31.62100456621005
건설,성도이엔지,11.0,0.21,31.38500635324015
전자장비와기기,백금T&A,6.0,0.6,31.25
기계,앤로보틱스,10.0,0.54,31.21783876500858
자동차부품,세동,16.0,0.47,31.03792415169661
반도체와반도체장비,위드텍,5.0,0.6,30.81395348837209
"섬유,의류,신발,호화품",방림,2.5,0.71,30.8
제약,셀로맥스사이언스,6.0,0.0,30.45356371490281
레저용장비와제품,이녹스,13.0,0.37,30.4
전자장비와기기,에스텍,19.0,0.59,30.308529945553538
건설,한신공영,7.43,0.09,30.18549747048904
화장품,아모레퍼시픽홀딩스,3.64,0.55,30.073349633251834
광고,HS애드,8.38,0.6,29.79351032448378
통신장비,삼지전자,17.0,0.41,29.60596379126731
상업서비스와공급품,나이스정보통신,11.0,0.48,29.55580865603645
식품,크라운해태홀딩스,5.34,0.26,29.39001848428835
철강,세아홀딩스,2.93,0.17,28.91949152542373
가스유틸리티,서울가스,2.8,0.18,28.89344262295082
제약,진바이오텍,7.0,0.56,28.86762360446571
IT서비스,KG모빌리언스,7.0,0.43,28.51805728518057
식품,동원산업,11.61,0.51,28.42857142857143
식품,이지홀딩스,4.0,0.34,28.40531561461794
기계,디케이락,5.0,0.57,28.28418230563003
"섬유,의류,신발,호화품",영원무역,12.66,0.65,27.66839378238342
식품,팜스코,23.16,0.32,27.65432098765432
창업투자,TS인베스트먼트,8.0,0.53,27.64378478664193
IT서비스,DB,11.67,0.59,27.6369582992641
전자제품,TJ미디어,5.0,0.76,27.23404255319149
식품,하림지주,7.0,0.2,27.06502636203866
"호텔,레스토랑,레저",신세계푸드,23.71,0.4,26.92307692307692
IT서비스,엔텔스,6.0,0.75,26.81347150259067
은행,JB금융지주,12.35,0.7,26.78375411635565
양방향미디어와서비스,키다리스튜디오,3.29,0.56,26.61417322834646
화학,대한유화,1.74,0.31,26.60753880266075
디스플레이장비및부품,제이엠티,10.0,0.32,26.42706131078224
백화점과일반상점,GS리테일,1.34,0.36,26.375982844889208
카드,삼성카드,7.45,0.53,26.27646326276463
디스플레이장비및부품,오성첨단소재,12.0,0.5,26.26334519572954
화학,롯데정밀화학,4.42,0.39,26.22950819672131
기계,에이치케이,8.0,0.32,26.22641509433962
자동차부품,동아화성,16.0,0.5,26.07843137254902
전자장비와기기,비에이치,4.24,0.68,25.872093023255815
손해보험,현대해상,20.19,0.29,25.507900677200904
IT서비스,정원엔시스,3.0,0.59,25.43640897755611
화학,태광산업,2.06,0.14,25.40861812778603
전자장비와기기,에스에이엠티,17.0,0.7,25.18518518518519
도로와철도운송,레드캡투어,11.0,0.77,24.97343251859724
건설,국보디자인,13.0,0.52,24.92510485320551
다각화된소비자서비스,이상네트웍스,11.0,0.43,24.53183520599251
무역회사와판매업체,LX인터내셔널,5.22,0.4,24.50199203187251
기계,TYM,9.66,0.49,24.34881087202718
IT서비스,KG이니시스,10.0,0.47,24.28571428571429
자동차부품,화승코퍼레이션,31.51,0.46,24.17910447761194
가정용기기와용품,쿠쿠홈시스,11.7,0.58,24.047619047619047
반도체와반도체장비,엔투텍,18.0,0.33,24.01129943502825
디스플레이장비및부품,비아트론,6.0,0.46,23.98843930635838
철강,SHD,5.58,0.36,23.815877251501
게임엔터테인먼트,네오위즈홀딩스,10.0,0.37,23.73602980308675
기계,대창단조,9.25,0.47,23.59081419624217
제약,폴라리스AI파마,3.0,0.56,23.51885098743268
식품과기본식료품소매,한국가구,7.0,0.36,23.41463414634146
통신장비,유비쿼스,13.0,0.67,23.40720221606648
"섬유,의류,신발,호화품",일신방직,3.67,0.2,23.39108910891089
전자장비와기기,빛샘전자,10.0,0.48,23.18501170960187
IT서비스,NICE,4.98,0.51,23.126142595978063
포장재,삼보판지,5.0,0.23,23.09644670050761
생물공학,농우바이오,4.0,0.45,22.87308228730823
가스유틸리티,E1,5.29,0.21,22.55389718076285
반도체와반도체장비,이엘씨,5.0,0.41,22.46153846153846
창업투자,플루토스,7.0,0.4,22.40663900414938
식품,오리온홀딩스,5.01,0.45,22.32415902140673
음료,무학,8.49,0.32,22.15477996965099
석유와가스,GS,5.55,0.26,21.98391420911528
비철금속,제일연마,13.12,0.6,21.9047619047619
화장품,콜마홀딩스,3.85,0.61,21.80376610505451
건설,금화피에스시,8.0,0.46,21.72211350293542
화학,스타플렉스,5.0,0.3,21.68421052631579
창업투자,스톤브릿지벤처스,3.0,0.74,21.63588390501319
디스플레이장비및부품,신화인터텍,4.0,0.51,21.60990712074303
생명보험,한화생명,6.51,0.15,21.47001934235977
반도체와반도체장비,뉴파워프라즈마,3.0,0.76,21.39737991266376
소프트웨어,휴네시온,12.0,0.77,21.38728323699422
자동차부품,SG&G,7.0,0.15,21.25412541254125
항공화물운송과물류,세방,5.61,0.23,21.04795737122558
증권,코리아에셋투자증권,8.0,0.4,20.95400340715503
건설,동원개발,2.0,0.2,20.93541202672606
화학,코오롱ENP,12.19,0.77,20.90592334494774
화학,KPX홀딩스,7.5,0.23,20.87114337568058
레저용장비와제품,골프존홀딩스,3.0,0.26,20.59158134243458
건축자재,아세아시멘트,1.55,0.37,20.398009950248756
건축자재,한일시멘트,4.14,0.69,20.328282828282827
자동차부품,넥센,6.86,0.21,20.0433369447454
IT서비스,롯데이노베이트,2.35,0.65,19.94459833795014
식품,사조오양,5.61,0.35,19.87730061349693
레저용장비와제품,삼천리자전거,6.0,0.52,19.64956195244055
자동차부품,SJM,5.4,0.24,19.4585448392555
자동차부품,풍강,3.0,0.34,19.3359375
"섬유,의류,신발,호화품",LF,6.18,0.27,19.27546138072454
"섬유,의류,신발,호화품",조광피혁,2.58,0.42,19.22330097087379
포장재,승일,2.0,0.3,19.13746630727763
건설,서한,6.0,0.2,18.96333754740834
무역회사와판매업체,LX홀딩스,7.01,0.3,18.91472868217054
상업서비스와공급품,KTcs,11.55,0.51,18.9083820662768
반도체와반도체장비,한양이엔지,7.0,0.51,18.89714993804213
건축자재,한일홀딩스,1.91,0.28,18.858381502890172
가스유틸리티,대성홀딩스,3.82,0.27,18.4549356223176
백화점과일반상점,세이브존I&C,2.64,0.18,18.28442437923251
건축자재,노루페인트,4.0,0.42,18.26544021024967
기계,화천기공,3.36,0.18,18.26401446654611
식품,사조동아원,9.45,0.6,18.23472356935015
IT서비스,신세계 I&C,6.73,0.41,18.105616093880972
증권,유화증권,3.5,0.28,18.02575107296137
자동차부품,유니크,8.0,0.54,18.00302571860817
건설,우진아이엔에스,9.89,0.18,17.93372319688109
철강,원일특강,5.0,0.2,17.90830945558739
포장재,아세아제지,3.52,0.33,17.89473684210526
제약,안국약품,5.0,0.49,17.78115501519757
자동차부품,HDC현대EP,9.61,0.3,17.68115942028986
식품,우성,6.27,0.2,17.439446366782008
화학,국도화학,2.56,0.31,17.166666666666668
식품,샘표,4.63,0.42,17.132442284325638
도로와철도운송,동양고속,5.63,0.27,17.02432045779685
식품,매일홀딩스,8.0,0.31,17.01902748414376
철강,CS홀딩스,5.36,0.27,16.75977653631285
운송인프라,선광,10.0,0.26,16.739811912225704
자동차부품,서연,6.59,0.25,16.62234042553191
비철금속,SIMPAC,3.79,0.35,16.57824933687003
건강관리업체및서비스,팜스빌,5.0,0.41,16.56891495601173
식품과기본식료품소매,현대코퍼레이션홀딩스,11.89,0.35,16.473988439306357
"섬유,의류,신발,호화품",TBH글로벌,1.45,0.38,16.31762652705061
건설,우원개발,37.0,0.48,16.30434782608696
화학,SB성보,24.66,0.36,16.18852459016393
증권,다올투자증권,2.07,0.32,16.0655737704918
"섬유,의류,신발,호화품",삼양통상,5.4,0.31,16.0337552742616
전자제품,경인전자,4.88,0.34,16.00429645542427
자동차,KG에코솔루션,6.0,0.2,15.91836734693878
자동차부품,SJM홀딩스,4.96,0.27,15.90909090909091
손해보험,흥국화재,9.97,0.16,15.87537091988131
제약,동아쏘시오홀딩스,8.32,0.63,15.85858585858586
제약,옵투스제약,7.0,0.7,15.82381729200653
반도체와반도체장비,성우테크론,7.0,0.41,15.74239713774597
화학,BGF,3.35,0.2,15.66617862371889
컴퓨터와주변기기,딜리,8.0,0.41,15.54770318021201
기계,부스타,2.0,0.37,15.5049786628734
비철금속,황금에스티,4.77,0.24,15.41501976284585
소프트웨어,오상자이엘,10.0,0.6,15.34653465346535
교육서비스,비상교육,11.28,0.32,15.27196652719665
가정용품,비비씨,7.0,0.55,15.14360313315927
통신장비,아이크래프트,25.0,0.71,15.02242152466368
제약,하나제약,7.24,0.64,14.97584541062802
전기장비,피앤씨테크,3.0,0.33,14.96598639455782
사무용전자제품,신도리코,1.88,0.33,14.94102228047182
도로와철도운송,AJ네트웍스,6.31,0.4,14.91935483870968
가스유틸리티,경동도시가스,7.13,0.24,14.89971346704871
식품,동우팜투테이블,13.0,0.22,14.8936170212766
가정용품,삼정펄프,15.76,0.28,14.880952380952381
"호텔,레스토랑,레저",베뉴지,27.0,0.26,14.80582524271845
자동차부품,HL홀딩스,1.95,0.33,14.782608695652174
화학,웹스,11.0,0.52,14.6677471636953
소프트웨어,윈스테크넷,10.0,0.72,14.604651162790697
전자장비와기기,동일기연,10.0,0.62,14.257620452310718
방송과엔터테인먼트,드림어스컴퍼니,2.0,0.72,14.20382165605096
화학,씨큐브,11.0,0.61,14.1602634467618
디스플레이장비및부품,디바이스,11.0,0.52,13.977485928705441
비철금속,케이피티유,6.0,0.36,13.87959866220736
포장재,대림제지,2.0,0.2,13.72854914196568
건설,삼호개발,8.08,0.3,13.43283582089552
화학,동성케미컬,7.39,0.46,13.39648173207037
화학,KPX케미칼,7.51,0.32,13.185530921820304
포장재,삼화왕관,3.73,0.52,13.09328968903437
자동차부품,현대모비스,7.68,0.58,13.0019120458891
화학,삼영무역,10.06,0.47,12.951807228915662
화학,TKG휴켐스,6.77,0.71,12.795905310300704
전자장비와기기,아이디스,7.0,0.76,12.7408328154133
디스플레이장비및부품,한국컴퓨터,13.0,0.44,12.66968325791855
식품,우리손에프앤지,7.0,0.37,12.53776435045317
건강관리기술,솔본,10.0,0.57,12.44870041039672
자동차부품,인팩,9.32,0.47,12.43339253996448
건강관리장비와용품,메디아나,4.0,0.75,12.34042553191489
건설,HDC,10.82,0.31,12.246234446627374
화학,삼양케이씨아이,13.0,0.62,12.21498371335505
디스플레이장비및부품,HB솔루션,11.0,0.74,12.19512195121951
자동차부품,디와이,3.62,0.27,12.13720316622691
컴퓨터와주변기기,빅솔론,10.0,0.46,12.01550387596899
해운사,인터지스,3.4,0.26,11.75257731958763
기계,에스에프에이,6.0,0.66,11.722488038277511
건강관리장비와용품,디알젬,8.0,0.73,11.6412213740458
건강관리업체및서비스,에이치피오,6.0,0.71,11.60896130346232
건축제품,삼목에스폼,2.0,0.49,11.47623862487361
IT서비스,아시아나IDT,7.06,0.71,11.301044634377968
디스플레이장비및부품,인지디스플레,3.0,0.27,11.19047619047619
철강,DSR제강,13.97,0.25,11.17561683599419
건축제품,제일테크노스,7.0,0.45,11.14754098360656
통신장비,유비쿼스홀딩스,8.0,0.66,10.9617373319545
음료,창해에탄올,10.0,0.54,10.9111361079865
자동차부품,모베이스,3.0,0.22,10.6312292358804
화학,BGF에코머티리얼즈,3.0,0.41,10.56603773584906
에너지장비및서비스,수산인더스트리,9.17,0.55,10.52631578947368
해운사,팬오션,5.3,0.39,10.39531478770132
건축제품,대림바스,8.3,0.43,10.375
컴퓨터와주변기기,파커스,12.0,0.23,10.37433155080214
석유와가스,S-Oil,2.01,0.73,10.05291005291005
제약,제일파마홀딩스,4.68,0.38,10.03764115432873
자동차부품,한국큐빅,5.0,0.4,9.97624703087886
"섬유,의류,신발,호화품",더네이쳐홀딩스,2.0,0.42,9.89010989010989
디스플레이장비및부품,힘스,4.0,0.56,9.82658959537572
식품,한성기업,4.25,0.54,9.79591836734694
자동차부품,모토닉,5.68,0.45,9.76138828633406
복합기업,LG,2.64,0.39,9.69230769230769
제약,광동제약,3.4,0.39,9.62264150943396
기계,코메론,9.0,0.43,9.53346855983773
화학,경농,7.24,0.65,9.44254835039818
자동차부품,현대위아,2.75,0.35,9.421112372304199
교육서비스,메가스터디,8.0,0.38,9.329446064139942
건축자재,NI스틸,10.53,0.4,9.25644916540212
건강관리장비와용품,에스지헬스케어,4.0,0.0,9.25266903914591
철강,한국주철관,4.75,0.38,9.20840064620355
화장품,잇츠한불,4.35,0.53,9.205776173285198
전자장비와기기,인터엠,5.0,0.54,9.15221579961464
건설,서희건설,12.0,0.35,9.14593140551446
건설,GS건설,2.03,0.33,9.015910430170889
가구,퍼시스,6.07,0.7,9.014423076923077
소프트웨어,지란지교시큐리티,4.0,0.44,8.92531876138434
전자장비와기기,광전자,1.77,0.38,8.79815986198965
화학,남해화학,5.41,0.58,8.7378640776699
복합기업,SK네트웍스,2.44,0.38,8.65853658536585
전기제품,피에스텍,7.0,0.49,8.57142857142857
화학,엔피케이,2.0,0.43,8.5188770571152
자동차,현대차,8.41,0.56,8.50956696878147
제약,명문제약,1.94,0.63,8.42839036755387
해운사,KSS해운,6.81,0.47,8.38117106773823
전자장비와기기,현우산업,7.0,0.51,8.27338129496403
전기제품,동양이엔피,12.0,0.47,8.23170731707317
자동차부품,진양홀딩스,4.88,0.45,7.98668885191348
인터넷과카탈로그소매,현대홈쇼핑,4.36,0.28,7.90790790790791
비철금속,태경산업,5.41,0.46,7.82241014799154
건설,HL D&I,2.9,0.23,7.70975056689342
건강관리업체및서비스,휴럼,3.0,0.72,7.70328102710414
음료,롯데칠성,3.13,0.73,7.63430725730443
레저용장비와제품,삼익악기,6.36,0.36,7.61986301369863
판매업체,YW,6.0,0.38,7.59668508287293
화학,미창석유,13.54,0.41,7.46720484359233
비철금속,태경비케이,10.6,0.62,7.27272727272727
"섬유,의류,신발,호화품",케이엠,3.0,0.28,7.25126475548061
건설,남화토건,7.0,0.29,7.2192513368984
"섬유,의류,신발,호화품",경방,6.03,0.22,7.17557251908397
포장재,NPC,2.92,0.43,7.16145833333333
자동차부품,지엠비코리아,5.16,0.27,7.01754385964912
건설,HS화성,6.73,0.23,6.84931506849315
가스유틸리티,인천도시가스,8.85,0.48,6.762295081967213
자동차부품,두올,11.34,0.46,6.72
레저용장비와제품,갤럭시아에스엠,4.21,0.72,6.63265306122449
철강,대창스틸,2.0,0.28,6.40394088669951
가구,에이스침대,8.0,0.41,6.138613861386139
철강,한국주강,2.27,0.6,6.08450704225352
제약,종근당홀딩스,6.6,0.37,6.01589103291714
항공화물운송과물류,로젠,6.0,0.32,5.97014925373134
핸드셋,에스코넥,50.0,0.6,5.82191780821918
창업투자,엔에이치스팩30호,2.0,0.0,5.76441102756892
가정용품,태양,6.0,0.28,5.64263322884013
자동차부품,넥센타이어,7.71,0.33,5.63636363636364
건축자재,삼표시멘트,5.0,0.46,5.62913907284768
상업서비스와공급품,아이마켓코리아,5.74,0.71,5.54838709677419
판매업체,한국정보공학,4.0,0.49,5.52584670231729
제약,경동제약,4.0,0.66,5.41516245487365
해운사,대한해운,8.63,0.31,5.41381456129434
자동차부품,일지테크,27.0,0.4,5.36193029490617
광고,인크로스,10.0,0.73,5.35455861070912
소프트웨어,플랜티넷,3.0,0.59,5.35372848948375
철강,삼현철강,3.0,0.34,5.34262485481998
핸드셋,서원인텍,3.0,0.48,5.31309297912713
제약,동화약품,2.31,0.45,5.29801324503311
건강관리장비와용품,세운메디칼,8.0,0.76,5.28541226215645
화학,풍국주정,6.0,0.71,5.2812858783008
자동차부품,DH오토리드,15.0,0.4,5.22727272727273
식품,체리부로,27.0,0.43,5.2
기계,우진플라임,2.11,0.39,5.08474576271186
자동차부품,아이윈,21.0,0.75,5.07152145643693
포장재,삼양패키징,4.74,0.58,5.043859649122807
제약,삼아제약,6.0,0.49,4.791537025513379
화학,HRS,11.0,0.69,4.77157360406091
핸드셋,디티씨,2.0,0.28,4.74516695957821
석유와가스,리드코프,3.0,0.23,4.74308300395257
전기제품,성문전자,4.73,0.65,4.71014492753623
건설,HDC랩스,4.6,0.72,3.96530359355638
"섬유,의류,신발,호화품",디케이앤디,11.0,0.69,3.75816993464052
전자장비와기기,테이팩스,1.3,0.41,3.7319116527037317
건설,남광토건,4.48,0.66,3.7037037037037
다각화된통신서비스,KT,10.22,0.72,3.69609856262834
식품,정다운,5.0,0.7,3.66088631984586
기계,디와이파워,8.3,0.49,3.6595744680851063
자동차부품,아진산업,7.0,0.4,3.51170568561873
창업투자,신한제11호스팩,2.0,0.0,3.5
철강,유에스티,7.0,0.6,3.47394540942928
가스유틸리티,대성에너지,8.18,0.66,3.45710627400768
화학,동방아그로,5.75,0.47,3.33889816360601
디스플레이장비및부품,위지트,6.0,0.68,3.24963072378139
창업투자,상상인제4호스팩,3.0,0.0,3.24189526184539
광고,이노션,8.88,0.77,3.2312925170068025
자동차부품,화승알앤에이,11.49,0.54,3.15457413249211
자동차부품,피에이치에이,6.0,0.29,3.130929791271347
소프트웨어,포시에스,6.0,0.77,3.11004784688995
IT서비스,아이티센씨티에스,25.89,0.45,3.0664395229983
창업투자,KB제27호스팩,3.0,0.0,2.9043565348022
디스플레이장비및부품,나래나노텍,43.0,0.37,2.86168521462639
기계,아세아텍,2.0,0.3,2.85269709543568
자동차부품,대원강업,6.72,0.44,2.76625172890733
창업투자,하나30호스팩,2.0,0.0,2.75
창업투자,에이치엠씨제6호스팩,2.0,0.0,2.72952853598015
화학,한국알콜,6.0,0.39,2.65193370165746
창업투자,대신밸런스제16호스팩,2.0,0.0,2.62529832935561
전기제품,성호전자,46.0,0.49,2.56916996047431
음료,국순당,3.0,0.3,2.56111757857974
건설,자이에스앤디,6.42,0.3,2.5
포장재,원림,2.98,0.23,2.3323615160349855
"섬유,의류,신발,호화품",패션플랫폼,4.0,0.3,2.32828870779977
디스플레이장비및부품,이엘피,4.0,0.27,2.27272727272727
자동차부품,KB오토시스,3.0,0.35,2.26928895612708
"호텔,레스토랑,레저",시공테크,18.0,0.54,2.13333333333333
자동차부품,인지컨트롤스,7.15,0.41,1.75438596491228
식품,샘표식품,7.81,0.5,1.7509727626459144
창업투자,하나31호스팩,3.0,0.0,1.73267326732673
디스플레이장비및부품,HB테크놀러지,10.0,0.6,1.67464114832536
창업투자,유안타제15호스팩,3.0,0.0,1.6566265060241
창업투자,신영스팩10호,3.0,0.0,1.65094339622642
화학,WISCOM,1.53,0.27,1.64778578784758
창업투자,IBKS제24호스팩,3.0,0.0,1.64319248826291
"섬유,의류,신발,호화품",호전실업,6.92,0.49,1.61691542288557
건설,신원종합개발,5.0,0.29,1.50375939849624
비철금속,일진다이아,1.66,0.38,1.4732965009208103
창업투자,유진스팩10호,3.0,0.0,1.43884892086331
통신장비,코콤,2.0,0.52,1.16429495472186
소프트웨어,시큐브,7.0,0.71,1.10837438423645
전자장비와기기,세코닉스,3.0,0.66,1.07719928186715
반도체와반도체장비,KX하이텍,3.0,0.43,0.87051142546246
기계,동일금속,3.0,0.45,0.75187969924812
창업투자,유안타제16호스팩,3.0,0.0,0.75
창업투자,대신밸런스제17호스팩,2.0,0.0,0.70422535211268
복합기업,KX,5.0,0.62,0.6426735218509
식품,해태제과식품,7.77,0.65,0.60606060606061
상업서비스와공급품,제이엠아이,6.0,0.5,0.49751243781095
창업투자,에스케이증권제11호스팩,2.0,0.0,0.49382716049383
해운사,와이엔텍,9.0,0.46,0.4739336492891
식품,오뚜기,3.35,0.73,0.36764705882352944
전자장비와기기,디티앤씨,2.0,0.41,0.33557046979866
창업투자,한화플러스제4호스팩,2.0,0.0,0.24213075060533
항공화물운송과물류,유수홀딩스,1.35,0.41,0.17699115044248
게임엔터테인먼트,액토즈소프트,13.0,0.28,0.15625
전자장비와기기,슈프리마에이치큐,6.0,0.29,0.15174506828528
철강,대한제강,1.86,0.36,0.1287001287001287
음료,흥국에프엔비,8.0,0.69,0.11771630370806
창업투자,한국제13호스팩,2.0,0.0,0.0
식품,대산F&B,45.0,0.71,0.0
화학,오공,5.0,0.38,0.0
자동차부품,DH오토넥스,12.17,0.0,0.0
상업서비스와공급품,KC코트렐,112.96,0.57,0.0
화학,카프로,102.36,0.0,0.0
"섬유,의류,신발,호화품",폴라리스우노,2.0,0.3,0.0
소프트웨어,투비소프트,5.0,0.13,0.0
디스플레이장비및부품,DMS,35.0,0.48,0.0
화학,원익큐브,3.0,0.51,-0.06684491978609626
IT서비스,에스넷,4.0,0.73,-0.129366106080207
포장재,대륙제관,8.0,0.42,-0.13386880856760375
가구,현대리바트,1.79,0.35,-0.14144271570014144
화학,경인양행,2.35,0.53,-0.17152658662092624
창업투자,신한제13호스팩,2.0,0.0,-0.23255813953488372
창업투자,에스케이증권제12호스팩,2.0,0.0,-0.24330900243309003
비철금속,DSR,6.29,0.28,-0.2617801047120419
식품,롯데웰푸드,3.34,0.5,-0.3472222222222222
자동차부품,구영테크,16.0,0.52,-0.468384074941452
건축자재,삼화페인트,2.3,0.46,-0.5042016806722689
화학,인바이오,2.0,0.58,-0.6960556844547564
제약,유유제약,6.4,0.73,-0.8018327605956472
우주항공과국방,휴니드,6.45,0.69,-0.8274231678486997
화학,케이디켐,3.0,0.41,-0.8395522388059702
생물공학,쎌바이오텍,8.0,0.77,-0.8709422011084719
기계,수산세보틱스,8.21,0.64,-0.8830022075055187
화장품,삐아,11.0,0.0,-0.8928571428571429
통신장비,코위버,2.0,0.38,-0.9380863039399625
기계,우림피티에스,3.0,0.74,-0.9960159362549801
식품,팜스토리,11.0,0.62,-1.1016949152542372
"섬유,의류,신발,호화품",크리스에프앤씨,4.0,0.25,-1.1185682326621924
자동차부품,케이비아이동국실업,13.01,0.28,-1.2371134020618557
식품,매일유업,9.0,0.48,-1.25
자동차부품,성우하이텍,11.0,0.33,-1.2681159420289856
디스플레이장비및부품,세진티에스,2.0,0.44,-1.2875536480686696
건설,DL이앤씨,7.34,0.35,-1.3301088270858525
전기제품,신화콘텍,4.0,0.51,-1.4684287812041117
자동차부품,율촌,6.0,0.61,-1.533494753833737
식품과기본식료품소매,신송홀딩스,3.41,0.72,-1.9033674963396778
식품,한탑,4.0,0.45,-1.9973368841544608
화학,대정화금,6.0,0.55,-2.0392156862745097
자동차부품,서연탑메탈,11.0,0.53,-2.225130890052356
게임엔터테인먼트,웹젠,4.0,0.64,-2.2997032640949553
항공화물운송과물류,CJ대한통운,5.98,0.47,-2.331002331002331
핸드셋,액트로,10.0,0.75,-2.372262773722628
자동차부품,세방전지,9.12,0.67,-2.406015037593985
통신장비,아이즈비전,6.0,0.24,-2.4375
부동산,한국자산신탁,4.64,0.28,-2.5157232704402515
자동차부품,한국타이어앤테크놀로지,9.39,0.5,-2.6683608640406606
화학,영보화학,9.0,0.53,-2.6696329254727473
해운사,HMM,6.9,0.66,-2.67639902676399
비철금속,포스코스틸리온,4.45,0.64,-2.8683181225554106
비철금속,알루코,4.86,0.71,-2.912621359223301
무역회사와판매업체,GS글로벌,3.71,0.5,-2.9296875
"섬유,의류,신발,호화품",한섬,3.25,0.25,-2.943058221369162
제약,고려제약,4.0,0.64,-2.9572836801752462
전자장비와기기,바이오스마트,7.0,0.55,-2.975206611570248
"섬유,의류,신발,호화품",대원화성,8.11,0.69,-3.0269058295964126
자동차부품,화신,12.25,0.62,-3.125
부동산,블루콤,10.0,0.38,-3.142857142857143
전기제품,에이치와이티씨,5.0,0.62,-3.225806451612903
화학,유니드,6.23,0.54,-3.283173734610123
소프트웨어,세중,2.0,0.28,-3.2839665164198326
자동차부품,삼보모터스,5.0,0.28,-3.292682926829268
식품,고려산업,8.43,0.62,-3.339517625231911
핸드셋,덕우전자,7.0,0.7,-3.3707865168539324
화학,미원홀딩스,9.52,0.72,-3.429355281207133
교육서비스,데이원컴퍼니,14.0,0.0,-3.5772357723577235
전자제품,LG전자,4.28,0.71,-3.594351732991014
핸드셋,인탑스,2.0,0.41,-3.7290242386575514
제약,진양제약,28.0,0.71,-3.735144312393888
제약,신일제약,10.0,0.55,-3.761755485893417
식품,조흥,5.41,0.66,-3.7920489296636086
기계,나라엠앤디,5.0,0.56,-3.841387856257745
핸드셋,성우전자,12.0,0.37,-3.8461538461538463
화학,효성오앤비,2.0,0.68,-4.186046511627907
핸드셋,캐프,16.0,0.53,-4.366812227074236
화학,동일고무벨트,4.6,0.44,-4.428571428571429
비철금속,경동인베스트,3.8,0.28,-4.485049833887043
제약,유나이티드제약,8.27,0.76,-4.757085020242915
건설,IPARK현대산업개발,5.0,0.45,-4.761904761904762
제약,환인제약,3.41,0.48,-4.834377797672337
기계,와이지-원,6.0,0.52,-4.850746268656716
철강,문배철강,3.58,0.25,-4.968944099378882
전자제품,삼진,4.0,0.41,-5.08274231678487
비철금속,현대비앤지스틸,2.58,0.36,-5.45144804088586
건축자재,더코디,23.0,0.31,-5.537459283387622
건축자재,라이온켐텍,6.0,0.64,-5.627705627705628
기계,흥국,11.0,0.62,-5.754716981132075
무역회사와판매업체,현대코퍼레이션,12.91,0.47,-5.803571428571429
핸드셋,파트론,7.0,0.77,-5.950653120464441
디스플레이패널,코텍,8.0,0.39,-6.557377049180328
건설,까뮤이앤씨,19.39,0.62,-6.638655462184874
"섬유,의류,신발,호화품",동인기연,7.66,0.69,-6.738544474393531
게임엔터테인먼트,컴투스홀딩스,4.0,0.5,-6.818181818181818
IT서비스,링네트,10.0,0.67,-6.929510155316607
제약,테라젠이텍스,8.0,0.69,-7.312925170068027
방송과엔터테인먼트,KNN,5.0,0.48,-7.392996108949417
방송과엔터테인먼트,티엔엔터테인먼트,3.0,0.74,-7.418761496014715
통신장비,한화비전,5.4,0.0,-7.433628318584071
반도체와반도체장비,픽셀플러스,4.0,0.54,-7.439198855507868
포장재,신풍,2.75,0.46,-7.512520868113523
철강,넥스틸,7.76,0.73,-7.52
"섬유,의류,신발,호화품",한세실업,7.93,0.67,-7.524932003626473
자동차부품,현대공업,8.0,0.67,-7.644305772230889
전기제품,에스씨디,5.0,0.57,-7.665505226480836
방송과엔터테인먼트,한국경제TV,2.0,0.73,-7.679465776293823
건축자재,유니드비티플러스,3.31,0.22,-7.682619647355164
"섬유,의류,신발,호화품",노브랜드,3.0,0.73,-7.913669064748201
교육서비스,메가엠디,4.0,0.75,-8.018867924528301
자동차부품,한국무브넥스,5.3,0.4,-8.439306358381502
IT서비스,디지틀조선,6.0,0.72,-8.526187576126675
제약,경남제약,10.0,0.36,-8.6687306501548
자동차부품,한국단자,9.47,0.74,-8.695652173913043
광고,이엠넷,4.0,0.57,-9.147609147609147
식품,케이씨피드,14.0,0.72,-9.317803660565724
우주항공과국방,기산텔레콤,8.0,0.73,-9.351047521716914
게임엔터테인먼트,컴투스,4.0,0.42,-9.852216748768473
전자장비와기기,S&K폴리텍,3.0,0.35,-9.906542056074766
핸드셋,슈피겐코리아,6.0,0.34,-9.980806142034549
자동차부품,모베이스전자,9.0,0.52,-10.273972602739725
가정용기기와용품,하츠,8.0,0.61,-10.29126213592233
철강,KG스틸,6.73,0.31,-10.374149659863946
자동차부품,삼성공조,2.49,0.45,-10.78114912846998
건축자재,벽산,7.84,0.45,-10.812064965197216
화학,금호석유화학,4.74,0.54,-11.15736885928393
건설,삼일기업공사,9.0,0.74,-11.16816431322208
자동차부품,화신정공,2.0,0.42,-12.011173184357542
소프트웨어,디지캡,2.0,0.51,-12.742980561555076
포장재,한창제지,2.85,0.47,-13.09192200557103
전문소매,포니링크,8.0,0.56,-13.120899718837864
광고,오리콤,6.0,0.68,-13.66906474820144
"섬유,의류,신발,호화품",그리티,6.0,0.71,-14.3646408839779
방송과엔터테인먼트,티비씨,3.0,0.59,-14.664981036662452
출판,아시아경제,3.0,0.26,-14.670896114195083
기계,이엔플러스,6.04,0.53,-14.833333333333334
자동차부품,서연이화,5.28,0.39,-14.864864864864865
건축자재,유니온,24.64,0.6,-15.035317860746721
전자제품,앤씨앤,44.0,0.42,-16.375198728139903
자동차부품,디와이씨,7.0,0.59,-16.966759002770083
기계,한국정밀기계,4.0,0.58,-17.321428571428573
화학,세우글로벌,6.9,0.75,-17.95886075949367
자동차,KG모빌리티,3.21,0.65,-18.412620162681783
디스플레이장비및부품,신도기연,3.0,0.51,-18.766756032171582
자동차부품,DYP,5.54,0.47,-19.073869900771776
광고,차이커뮤니케이션,2.0,0.0,-19.784656796769852
반도체와반도체장비,미래산업,8.85,0.42,-21.326875091736387
"섬유,의류,신발,호화품",화승인더,5.63,0.76,-23.100936524453694
핸드셋,앤디포스,6.0,0.44,-23.931623931623932
운송인프라,위즈코프,5.0,0.61,-24.23469387755102
자동차부품,SG글로벌,1.86,0.73,-28.577680525164112
항공화물운송과물류,삼일,2.0,0.49,-32.645875251509054
생명보험,아이지넷,18.0,0.0,-32.758620689655174
철강,세아제강지주,3.11,0.52,-33.276231263383295
철강,세아제강,2.69,0.53,-33.775185577942736
건설,태영건설,11.28,0.0,-41.050656660412756
