wics_name,stock_name,stock_code,roe,pbr,pbr_per_roe,return_1yr,Quintile
식품,대산F&B,065150,45.0,0.67,0.014888888888888889,-17.142857142857142,Q1(최고 가성비)
건설,계룡건설,013580,11.1,0.17,0.015315315315315315,-8.77808988764045,Q1(최고 가성비)
도로와철도운송,유성티엔에스,024800,11.0,0.17,0.015454545454545455,-15.266821345707656,Q1(최고 가성비)
디스플레이장비및부품,DMS,068790,35.0,0.55,0.015714285714285715,-7.591240875912408,Q1(최고 가성비)
건축자재,KCC,002380,23.51,0.37,0.015737983836665248,1.94174757281553,Q1(최고 가성비)
자동차부품,화승코퍼레이션,013520,31.51,0.51,0.016185337987940335,-12.987012987012987,Q1(최고 가성비)
복합기업,SK스퀘어,402340,37.82,0.63,0.016657852987837122,23.04635761589404,Q1(최고 가성비)
디스플레이장비및부품,나래나노텍,137080,43.0,0.73,0.01697674418604651,-55.82865168539326,Q1(최고 가성비)
화학,SB성보,003080,24.66,0.42,0.0170316301703163,-16.72354948805461,Q1(최고 가성비)
식품,팜스코,036580,23.16,0.4,0.017271157167530225,-33.49753694581281,Q1(최고 가성비)
건축자재,더코디,224060,23.0,0.4,0.017391304347826087,-47.700170357751276,Q1(최고 가성비)
식품,선진,136490,23.5,0.41,0.017446808510638297,-25.81967213114754,Q1(최고 가성비)
복합유틸리티,지역난방공사,071320,14.84,0.26,0.01752021563342318,26.20320855614973,Q1(최고 가성비)
건설,HDC,012630,10.82,0.19,0.01756007393715342,83.09352517985612,Q1(최고 가성비)
가스유틸리티,한진중공업홀딩스,003480,14.18,0.25,0.01763046544428773,14.19753086419753,Q1(최고 가성비)
전기유틸리티,한국전력,015760,19.4,0.35,0.01804123711340206,-2.9411764705882355,Q1(최고 가성비)
복합기업,현대지에프홀딩스,005440,11.18,0.21,0.018783542039355994,18.49315068493151,Q1(최고 가성비)
가정용품,삼정펄프,009770,15.76,0.3,0.01903553299492386,0.0,Q1(최고 가성비)
전자제품,앤씨앤,092600,44.0,0.84,0.019090909090909092,-66.68432203389831,Q1(최고 가성비)
건설,동부건설,005960,10.28,0.2,0.019455252918287938,-30.87649402390438,Q1(최고 가성비)
건설,성도이엔지,037350,11.0,0.22,0.02,0.38265306122449,Q1(최고 가성비)
컴퓨터와주변기기,파커스,065690,12.0,0.24,0.02,-22.854785478547853,Q1(최고 가성비)
자동차부품,티에이치엔,019180,36.85,0.75,0.0203527815468114,-17.03601108033241,Q1(최고 가성비)
소프트웨어,SGA솔루션즈,184230,40.0,0.85,0.02125,-37.0,Q1(최고 가성비)
자동차부품,대원산업,005710,14.0,0.3,0.02142857142857143,18.4,Q1(최고 가성비)
"호텔,레스토랑,레저",신세계푸드,031440,23.71,0.51,0.021509911429776464,-21.727748691099478,Q1(최고 가성비)
가스유틸리티,INVENI,015360,15.46,0.34,0.02199223803363519,20.51948051948052,Q1(최고 가성비)
IT서비스,아이티센씨티에스,031820,25.89,0.58,0.022402471996910003,-19.03448275862069,Q1(최고 가성비)
자동차부품,태원물산,001420,47.06,1.07,0.022736931576710584,-21.734104046242773,Q1(최고 가성비)
철강,DSR제강,069730,13.97,0.33,0.023622047244094488,-17.48502994011976,Q1(최고 가성비)
증권,다우기술,023590,15.95,0.38,0.023824451410658306,-3.0097087378640777,Q1(최고 가성비)
자동차부품,일지테크,019540,27.0,0.65,0.024074074074074074,-18.38074398249453,Q1(최고 가성비)
자동차부품,케이비아이동국실업,001620,13.01,0.32,0.024596464258262875,-13.701067615658364,Q1(최고 가성비)
통신장비,삼지전자,037460,17.0,0.42,0.024705882352941175,9.44055944055944,Q1(최고 가성비)
핸드셋,성우전자,081580,12.0,0.3,0.025,18.72146118721461,Q1(최고 가성비)
자동차부품,세원정공,021820,6.73,0.17,0.02526002971768202,-8.782201405152225,Q1(최고 가성비)
증권,DB증권,016610,7.45,0.19,0.025503355704697986,30.1549463647199,Q1(최고 가성비)
자동차부품,SG&G,040610,7.0,0.18,0.025714285714285714,-9.118176364727054,Q1(최고 가성비)
"섬유,의류,신발,호화품",TP,007980,14.54,0.39,0.026822558459422285,-21.654929577464788,Q1(최고 가성비)
전자장비와기기,에스텍,069510,19.0,0.51,0.026842105263157896,31.5035799522673,Q1(최고 가성비)
건축자재,유니온,000910,24.64,0.67,0.02719155844155844,-3.9728682170542635,Q1(최고 가성비)
화학,미창석유,003650,13.54,0.37,0.027326440177252585,26.56449553001277,Q1(최고 가성비)
증권,한국금융지주,071050,18.66,0.51,0.027331189710610933,11.37724550898204,Q1(최고 가성비)
전기제품,성호전자,043260,46.0,1.26,0.027391304347826086,-52.48826291079812,Q1(최고 가성비)
교육서비스,비상교육,100220,11.28,0.31,0.0274822695035461,-5.719921104536489,Q1(최고 가성비)
손해보험,현대해상,001450,20.6,0.57,0.02766990291262136,-27.495908346972175,Q1(최고 가성비)
식품,동우팜투테이블,088910,13.0,0.36,0.027692307692307693,-31.51183970856102,Q1(최고 가성비)
건강관리업체및서비스,코스맥스비티아이,044820,11.08,0.31,0.027978339350180504,6.64621676891616,Q1(최고 가성비)
증권,다우데이타,032190,15.0,0.42,0.028,-8.757961783439491,Q1(최고 가성비)
자동차부품,DH오토리드,290120,15.0,0.42,0.028,-30.379746835443036,Q1(최고 가성비)
상업서비스와공급품,사람인,143240,41.0,1.16,0.02829268292682927,-14.183222958057396,Q1(최고 가성비)
자동차부품,SJG세종,033530,14.05,0.4,0.028469750889679714,-30.96446700507614,Q1(최고 가성비)
소프트웨어,인지소프트,100030,35.0,1.02,0.029142857142857144,-14.812805208898535,Q1(최고 가성비)
자동차부품,넥센,005720,6.86,0.2,0.029154518950437316,12.42387332521315,Q1(최고 가성비)
제약,진양제약,007370,28.0,0.83,0.029642857142857144,-1.5050167224080269,Q1(최고 가성비)
에너지장비및서비스,SNT에너지,100840,25.15,0.75,0.02982107355864811,192.508020381204,Q1(최고 가성비)
식품,체리부로,066360,27.0,0.81,0.03,-34.95229835212489,Q1(최고 가성비)
건강관리업체및서비스,케어랩스,263700,33.0,1.01,0.030606060606060605,-53.24123273113709,Q1(최고 가성비)
기타금융,한국캐피탈,023760,14.0,0.43,0.030714285714285715,-12.241653418124006,Q1(최고 가성비)
자동차부품,아이윈,090150,21.0,0.65,0.030952380952380953,-37.88368336025848,Q1(최고 가성비)
운송인프라,선광,003100,10.0,0.31,0.031,-12.602739726027398,Q1(최고 가성비)
식품,농심홀딩스,072710,9.03,0.29,0.03211517165005537,-1.9374068554396424,Q1(최고 가성비)
증권,케이프,064820,23.0,0.74,0.03217391304347826,25.59585492227979,Q1(최고 가성비)
식품,동원수산,030720,14.73,0.48,0.032586558044806514,-23.76923076923077,Q1(최고 가성비)
자동차부품,동원금속,018500,27.84,0.91,0.0326867816091954,9.6516276413478,Q1(최고 가성비)
복합기업,효성,004800,14.35,0.47,0.032752613240418116,6.152042721312899,Q1(최고 가성비)
식품,하림지주,003380,7.0,0.23,0.032857142857142856,-16.200294550810014,Q1(최고 가성비)
음료,무학,033920,8.49,0.28,0.03297997644287397,29.46954813359528,Q1(최고 가성비)
건설,서희건설,035890,12.0,0.4,0.03333333333333333,10.22979985174203,Q1(최고 가성비)
전기제품,솔브레인홀딩스,036830,32.0,1.07,0.0334375,-50.753768844221106,Q1(최고 가성비)
가스유틸리티,삼천리,004690,6.84,0.23,0.033625730994152045,-6.4655172413793105,Q1(최고 가성비)
자동차부품,SNT홀딩스,036530,9.94,0.34,0.03420523138832998,41.97002141327623,Q1(최고 가성비)
은행,BNK금융지주,138930,7.58,0.26,0.03430079155672823,33.80281690140845,Q1(최고 가성비)
건설,우진아이엔에스,010400,9.89,0.34,0.034378159757330634,-46.22641509433962,Q1(최고 가성비)
자동차부품,일정실업,008500,100.89,3.48,0.03449301219149569,-16.458658346333852,Q1(최고 가성비)
IT서비스,아이티센엔텍,010280,26.0,0.91,0.035,-4.202719406674907,Q1(최고 가성비)
식품과기본식료품소매,현대코퍼레이션홀딩스,227840,11.89,0.42,0.03532380151387721,-2.808988764044944,Q1(최고 가성비)
증권,교보증권,030610,5.9,0.21,0.03559322033898305,15.24752475247525,Q1(최고 가성비)
컴퓨터와주변기기,아이디스홀딩스,054800,11.0,0.4,0.03636363636363636,-19.78021978021978,Q1(최고 가성비)
은행,iM금융지주,139130,7.27,0.27,0.037138927097661624,6.59599528857479,Q1(최고 가성비)
화학,KPX홀딩스,092230,7.5,0.28,0.037333333333333336,-5.0,Q1(최고 가성비)
식품,매일홀딩스,005990,8.0,0.3,0.0375,16.9344870210136,Q1(최고 가성비)
"호텔,레스토랑,레저",시공테크,020710,18.0,0.68,0.03777777777777778,-15.824915824915825,Q1(최고 가성비)
건설,세보엠이씨,011560,14.0,0.53,0.03785714285714286,2.57466529351184,Q1(최고 가성비)
부동산,블루콤,033560,10.0,0.38,0.038,-1.5471167369901546,Q1(최고 가성비)
손해보험,흥국화재,000540,9.97,0.38,0.03811434302908726,-19.281437125748504,Q1(최고 가성비)
핸드셋,캐프,198080,16.0,0.61,0.038125,-11.411992263056092,Q1(최고 가성비)
"섬유,의류,신발,호화품",영원무역홀딩스,009970,12.83,0.49,0.03819173811379579,5.94405594405594,Q1(최고 가성비)
건설,서한,011370,6.0,0.23,0.03833333333333333,-10.621468926553673,Q1(최고 가성비)
게임엔터테인먼트,액토즈소프트,052790,13.0,0.5,0.038461538461538464,-31.182795698924732,Q1(최고 가성비)
건설,HS화성,002460,6.73,0.26,0.03863298662704309,-4.81444332998997,Q1(최고 가성비)
무역회사와판매업체,현대코퍼레이션,011760,12.91,0.5,0.038729666924864445,25.20961430967021,Q1(최고 가성비)
증권,미래에셋증권,006800,12.36,0.48,0.038834951456310676,17.31493099121706,Q1(최고 가성비)
자동차부품,DH오토넥스,000300,12.17,0.48,0.03944124897288414,0.0,Q1(최고 가성비)
제약,JW신약,067290,46.0,1.85,0.04021739130434782,-31.10195674562307,Q1(최고 가성비)
증권,키움증권,039490,18.12,0.73,0.04028697571743929,6.666666666666667,Q1(최고 가성비)
은행,우리금융지주,316140,8.91,0.36,0.04040404040404041,19.402985074626866,Q1(최고 가성비)
가스유틸리티,경동도시가스,267290,7.13,0.29,0.04067321178120617,-10.512820512820513,Q1(최고 가성비)
레저용장비와제품,오로라,039830,13.0,0.53,0.040769230769230766,-8.88888888888889,Q1(최고 가성비)
디스플레이장비및부품,오성첨단소재,052420,12.0,0.49,0.04083333333333333,-0.21306818181818182,Q1(최고 가성비)
디스플레이패널,코텍,052330,8.0,0.33,0.04125,22.48995983935743,Q1(최고 가성비)
자동차부품,세원물산,024830,6.0,0.25,0.041666666666666664,8.7719298245614,Q1(최고 가성비)
건설,삼호개발,010960,8.08,0.34,0.04207920792079208,-9.049773755656108,Q1(최고 가성비)
조선,HD현대마린엔진,071970,41.36,1.77,0.042794970986460346,128.03347280334728,Q1(최고 가성비)
증권,신영증권,001720,7.8,0.34,0.04358974358974359,14.77449455676516,Q1(최고 가성비)
은행,JB금융지주,175330,12.36,0.54,0.043689320388349516,43.91785150078989,Q1(최고 가성비)
컴퓨터와주변기기,씨아이테크,004920,22.84,1.0,0.043782837127845885,-11.80722891566265,Q1(최고 가성비)
해운사,대한해운,005880,8.63,0.38,0.0440324449594438,-14.293333333333333,Q1(최고 가성비)
제약,동구바이오제약,006620,39.0,1.72,0.0441025641025641,-18.61198738170347,Q1(최고 가성비)
손해보험,에이플러스에셋,244920,13.82,0.61,0.04413892908827786,4.07643312101911,Q1(최고 가성비)
디스플레이장비및부품,선익시스템,171090,101.0,4.48,0.044356435643564354,-3.597122302158273,Q1(최고 가성비)
증권,삼성증권,016360,12.54,0.56,0.044657097288676235,15.68877551020408,Q1(최고 가성비)
자동차부품,HDC현대EP,089470,9.61,0.43,0.044745057232049947,-24.50765864332604,Q1(최고 가성비)
건설,까뮤이앤씨,013700,19.39,0.87,0.04486848891181021,-21.710526315789473,Q1(최고 가성비)
반도체와반도체장비,엔투텍,227950,18.0,0.81,0.045,-54.32258064516129,Q1(최고 가성비)
운송인프라,서호전기,065710,24.0,1.09,0.04541666666666667,24.22520661157025,Q1(최고 가성비)
다각화된소비자서비스,이상네트웍스,080010,11.0,0.5,0.045454545454545456,-5.8201058201058204,Q1(최고 가성비)
기계,코메론,049430,9.0,0.41,0.04555555555555556,12.30068337129841,Q1(최고 가성비)
반도체와반도체장비,SK하이닉스,000660,44.15,2.02,0.04575311438278596,6.19946091644205,Q1(최고 가성비)
방송과엔터테인먼트,SAMG엔터,419530,55.0,2.52,0.04581818181818182,96.38069705093834,Q1(최고 가성비)
제약,경남제약,053950,10.0,0.46,0.046,-30.010834236186348,Q1(최고 가성비)
식품,우성,006980,6.27,0.29,0.046251993620414676,-25.973360655737704,Q1(최고 가성비)
항공화물운송과물류,세방,004360,5.61,0.26,0.04634581105169341,-5.298570227081581,Q1(최고 가성비)
식품,케이씨피드,025880,14.0,0.65,0.04642857142857143,19.72111553784861,Q1(최고 가성비)
"섬유,의류,신발,호화품",경방,000050,6.03,0.28,0.04643449419568822,-21.93087008343266,Q1(최고 가성비)
건축자재,노루홀딩스,000320,6.66,0.31,0.046546546546546545,18.94463667820069,Q1(최고 가성비)
전기장비,지엔씨에너지,119850,21.0,0.99,0.047142857142857146,112.95774647887325,Q1(최고 가성비)
게임엔터테인먼트,티쓰리,204610,18.0,0.85,0.04722222222222222,41.00156494522692,Q1(최고 가성비)
증권,코리아에셋투자증권,190650,8.0,0.38,0.0475,12.02290076335878,Q1(최고 가성비)
디스플레이장비및부품,영우디에스피,143540,20.0,0.95,0.0475,-32.15909090909091,Q1(최고 가성비)
손해보험,코리안리,003690,9.03,0.43,0.047619047619047616,10.32531824611033,Q1(최고 가성비)
생명보험,한화생명,088350,6.51,0.31,0.047619047619047616,-8.818342151675486,Q1(최고 가성비)
게임엔터테인먼트,네오위즈홀딩스,042420,10.0,0.48,0.048,-18.833693304535636,Q1(최고 가성비)
은행,기업은행,024110,7.7,0.37,0.048051948051948054,9.616829451540195,Q1(최고 가성비)
건축제품,대림바스,005750,8.3,0.4,0.04819277108433735,4.57516339869281,Q1(최고 가성비)
식품,동원산업,006040,11.61,0.56,0.04823428079242033,-0.5427524082862095,Q1(최고 가성비)
무역회사와판매업체,LX홀딩스,383800,7.01,0.34,0.04850213980028531,-7.460545193687231,Q1(최고 가성비)
"섬유,의류,신발,호화품",LF,093050,6.18,0.3,0.04854368932038835,-5.8558558558558556,Q1(최고 가성비)
조선,HD한국조선해양,009540,17.78,0.87,0.048931383577052866,70.00835421888053,Q1(최고 가성비)
핸드셋,에스코넥,096630,50.0,2.45,0.049,-67.96489303346132,Q1(최고 가성비)
건설,DL이앤씨,375500,7.34,0.36,0.04904632152588556,11.90798376184032,Q1(최고 가성비)
은행,하나금융지주,086790,9.17,0.45,0.04907306434023991,8.86524822695035,Q1(최고 가성비)
가스유틸리티,E1,017940,5.29,0.26,0.04914933837429111,-7.0878274268104775,Q1(최고 가성비)
화학,KPX케미칼,025000,7.51,0.37,0.0492676431424767,-6.746463547334058,Q1(최고 가성비)
화학,삼영무역,002810,10.06,0.5,0.04970178926441352,1.7624521072796935,Q1(최고 가성비)
화학,영보화학,014440,9.0,0.45,0.05,22.81420765027322,Q1(최고 가성비)
철강,원일특강,012620,5.0,0.25,0.05,-17.785630153121318,Q1(최고 가성비)
전자장비와기기,에스에이엠티,031330,17.0,0.85,0.05,-13.738019169329073,Q1(최고 가성비)
자동차부품,동아화성,041930,16.0,0.8,0.05,-32.0,Q1(최고 가성비)
가정용기기와용품,쿠쿠홀딩스,192400,11.56,0.58,0.050173010380622836,24.03100775193798,Q1(최고 가성비)
철강,CS홀딩스,000590,5.36,0.27,0.05037313432835821,8.649468892261,Q1(최고 가성비)
식품,푸드웰,005670,10.0,0.51,0.051,2.47422680412371,Q1(최고 가성비)
컴퓨터와주변기기,빅솔론,093190,10.0,0.51,0.051,-7.360861759425494,Q1(최고 가성비)
IT서비스,아이티센글로벌,124500,46.0,2.35,0.051086956521739134,0.79491255961844,Q1(최고 가성비)
통신장비,아이크래프트,052460,25.0,1.28,0.0512,-37.183098591549296,Q1(최고 가성비)
"섬유,의류,신발,호화품",영원무역,111770,12.66,0.65,0.05134281200631911,15.985576923076923,Q1(최고 가성비)
운송인프라,한국공항,005430,10.46,0.54,0.05162523900573614,-19.333333333333332,Q1(최고 가성비)
비철금속,제일연마,001560,13.12,0.68,0.051829268292682924,-3.669724770642202,Q1(최고 가성비)
자동차부품,한국앤컴퍼니,000240,7.52,0.39,0.05186170212765957,-2.747603833865815,Q1(최고 가성비)
IT서비스,코나아이,052400,33.0,1.72,0.052121212121212124,57.53060138371474,Q1(최고 가성비)
식품,엠에스씨,009780,13.0,0.68,0.052307692307692305,16.89320388349515,Q1(최고 가성비)
교육서비스,메가스터디,072870,8.0,0.42,0.0525,-7.046070460704607,Q1(최고 가성비)
전기제품,동양이엔피,079960,12.0,0.63,0.0525,-12.533333333333333,Q1(최고 가성비)
자동차부품,성창오토텍,080470,15.0,0.79,0.05266666666666667,-29.03907074973601,Q1(최고 가성비)
건설,남화토건,091590,7.0,0.37,0.05285714285714286,-29.032258064516128,Q1(최고 가성비)
전기장비,가온전선,000500,10.97,0.58,0.0528714676390155,50.18181818181818,Q1(최고 가성비)
항공화물운송과물류,현대글로비스,086280,18.13,0.96,0.052950910093767234,34.34626149540184,Q1(최고 가성비)
음료,창해에탄올,004650,10.0,0.53,0.053,-2.841530054644809,Q1(최고 가성비)
건설,국보디자인,066620,13.0,0.69,0.05307692307692308,14.707903780068728,Q1(최고 가성비)
자동차부품,구영테크,053270,16.0,0.85,0.053125,-24.29078014184397,Q1(최고 가성비)
자동차부품,DN오토모티브,007340,15.02,0.8,0.05326231691078562,27.4138352481056,Q1(최고 가성비)
"섬유,의류,신발,호화품",F&F홀딩스,007700,5.56,0.3,0.0539568345323741,-23.05732484076433,Q1(최고 가성비)
화학,스타플렉스,115570,5.0,0.27,0.054,-10.714285714285714,Q1(최고 가성비)
비철금속,DSR,155660,6.29,0.34,0.05405405405405406,-9.15576694411415,Q1(최고 가성비)
증권,NH투자증권,005940,10.08,0.55,0.054563492063492064,22.340425531914892,Q1(최고 가성비)
증권,부국증권,001270,5.68,0.31,0.05457746478873239,10.309278350515465,Q1(최고 가성비)
통신장비,아이즈비전,031310,6.0,0.33,0.055,-38.814531548757174,Q1(최고 가성비)
해운사,HMM,011200,6.9,0.38,0.05507246376811594,29.48960302457467,Q1(최고 가성비)
은행,KB금융,105560,9.98,0.55,0.05511022044088176,16.37426900584795,Q1(최고 가성비)
자동차부품,평화산업,090080,29.03,1.6,0.05511539786427833,-1.077943615257048,Q1(최고 가성비)
항공화물운송과물류,한솔로지스틱스,009180,11.59,0.64,0.055220017256255395,-11.92468619246862,Q1(최고 가성비)
생물공학,HLB제넥스,187420,70.0,3.92,0.056,-12.826899128268991,Q1(최고 가성비)
백화점과일반상점,현대백화점,069960,4.64,0.26,0.05603448275862069,9.611829944547136,Q1(최고 가성비)
은행,신한지주,055550,8.72,0.49,0.05619266055045872,5.598243688254665,Q1(최고 가성비)
가구,에이스침대,003800,8.0,0.45,0.05625,-2.8846153846153846,Q1(최고 가성비)
자동차부품,서연탑메탈,019770,11.0,0.62,0.056363636363636366,-5.328376703841388,Q1(최고 가성비)
가정용품,태양,053620,6.0,0.34,0.056666666666666664,-12.722298221614228,Q1(최고 가성비)
자동차부품,피에이치에이,043370,6.0,0.34,0.056666666666666664,-4.959422903516682,Q1(최고 가성비)
다각화된통신서비스,KT,030200,10.22,0.58,0.05675146771037182,29.17771883289125,Q1(최고 가성비)
"섬유,의류,신발,호화품",제이에스코퍼레이션,194370,15.29,0.87,0.05689993459777633,-1.2528473804100229,Q1(최고 가성비)
조선,대양전기공업,108380,10.0,0.57,0.057,21.433962264150942,Q1(최고 가성비)
증권,대신증권,003540,6.65,0.38,0.05714285714285714,4.832474226804123,Q1(최고 가성비)
상업서비스와공급품,나이스정보통신,036800,11.0,0.63,0.057272727272727274,-16.777251184834125,Q1(최고 가성비)
자동차부품,두올,016740,11.34,0.65,0.05731922398589065,-17.763157894736842,Q1(최고 가성비)
기계,케이피에프,024880,8.0,0.46,0.0575,-12.729234088457389,Q1(최고 가성비)
전기장비,선도전기,007610,16.0,0.92,0.0575,0.0,Q1(최고 가성비)
식품,크라운해태홀딩스,005740,5.34,0.31,0.05805243445692884,-10.726072607260726,Q1(최고 가성비)
전기제품,파워넷,037030,11.0,0.64,0.05818181818181818,-27.85234899328859,Q1(최고 가성비)
자동차부품,성우하이텍,015750,11.0,0.64,0.05818181818181818,-41.02564102564103,Q1(최고 가성비)
디스플레이장비및부품,한국컴퓨터,054040,13.0,0.76,0.05846153846153846,-32.0,Q1(최고 가성비)
식품,우리손에프앤지,073560,7.0,0.41,0.05857142857142857,-12.779973649538867,Q1(최고 가성비)
식품과기본식료품소매,한국가구,004590,7.0,0.41,0.05857142857142857,-8.990011098779135,Q1(최고 가성비)
손해보험,DB손해보험,005830,17.75,1.04,0.05859154929577465,-4.399141630901288,Q1(최고 가성비)
가스유틸리티,인천도시가스,034590,8.85,0.52,0.05875706214689266,-3.747534516765286,Q1(최고 가성비)
자동차부품,SJM,123700,5.4,0.32,0.05925925925925926,-18.707015130674,Q1(최고 가성비)
조선,한국카본,017960,19.3,1.15,0.05958549222797927,33.98148148148148,Q1(최고 가성비)
도로와철도운송,레드캡투어,038390,11.0,0.66,0.06,21.26288659793814,Q1(최고 가성비)
컴퓨터와주변기기,아이디피,332370,16.0,0.96,0.06,31.88010899182561,Q1(최고 가성비)
자동차부품,세동,053060,16.0,0.96,0.06,-35.76923076923077,Q1(최고 가성비)
가정용기기와용품,쿠쿠홈시스,284740,11.7,0.71,0.06068376068376068,-5.191873589164786,Q1(최고 가성비)
기계,태광,023160,11.0,0.67,0.060909090909090906,68.95161290322581,Q1(최고 가성비)
식품,사조동아원,008040,9.45,0.58,0.061375661375661375,8.75527426160338,Q1(최고 가성비)
자동차부품,코리아에프티,123410,18.0,1.11,0.06166666666666667,-15.821678321678322,Q1(최고 가성비)
화학,씨큐브,101240,11.0,0.68,0.06181818181818182,-5.202913631633715,Q1(최고 가성비)
전자장비와기기,인바이오젠,101140,10.64,0.66,0.06203007518796992,-37.60683760683761,Q1(최고 가성비)
철강,KG스틸,016380,6.73,0.42,0.06240713224368499,-17.762237762237763,Q1(최고 가성비)
조선,STX엔진,077970,22.26,1.39,0.062443845462713386,62.84403669724771,Q1(최고 가성비)
기계,에이치케이,044780,8.0,0.5,0.0625,-34.64858199753391,Q1(최고 가성비)
포장재,대륙제관,004780,8.0,0.5,0.0625,-8.902439024390244,Q1(최고 가성비)
기계,화천기공,000850,3.36,0.21,0.0625,-15.053763440860216,Q1(최고 가성비)
"섬유,의류,신발,호화품",일신방직,003200,3.67,0.23,0.06267029972752043,-10.718232044198896,Q1(최고 가성비)
제약,대웅,003090,16.11,1.01,0.06269397889509622,-5.396039603960396,Q1(최고 가성비)
"섬유,의류,신발,호화품",디케이앤디,263020,11.0,0.69,0.06272727272727273,8.31858407079646,Q1(최고 가성비)
레저용장비와제품,삼익악기,002450,6.36,0.4,0.06289308176100629,-8.535630383711824,Q1(최고 가성비)
"섬유,의류,신발,호화품",삼양통상,002170,5.4,0.34,0.06296296296296296,-6.324110671936759,Q1(최고 가성비)
상업서비스와공급품,KTcs,058850,11.55,0.73,0.0632034632034632,-27.027027027027028,Q1(최고 가성비)
기계,흥국,010240,11.0,0.7,0.06363636363636363,-5.18783542039356,Q1(최고 가성비)
핸드셋,유아이엘,049520,11.0,0.7,0.06363636363636363,20.20383693045564,Q1(최고 가성비)
자동차부품,서연,007860,6.59,0.42,0.0637329286798179,-27.692307692307693,Q1(최고 가성비)
화학,삼양케이씨아이,036670,13.0,0.83,0.06384615384615384,-19.104084321475625,Q1(최고 가성비)
전기장비,일진홀딩스,015860,7.36,0.47,0.06385869565217392,-19.387755102040817,Q1(최고 가성비)
IT서비스,신세계 I&C,035510,6.73,0.43,0.0638930163447251,0.08389261744966443,Q1(최고 가성비)
자동차부품,지엠비코리아,013870,5.16,0.33,0.06395348837209303,-16.36568848758465,Q1(최고 가성비)
전기제품,피에스텍,002230,7.0,0.45,0.06428571428571428,11.11111111111111,Q1(최고 가성비)
기계,대창단조,015230,9.25,0.6,0.06486486486486487,-13.22463768115942,Q1(최고 가성비)
석유와가스,GS,078930,5.55,0.36,0.06486486486486487,-21.96652719665272,Q1(최고 가성비)
컴퓨터와주변기기,딜리,131180,8.0,0.52,0.065,-22.252747252747252,Q1(최고 가성비)
제약,서흥,008490,9.22,0.6,0.0650759219088937,-38.505494505494504,Q1(최고 가성비)
조선,HD현대,267250,10.25,0.67,0.06536585365853659,4.964539007092198,Q1(최고 가성비)
건설,자이에스앤디,317400,6.42,0.42,0.06542056074766354,-24.705882352941178,Q1(최고 가성비)
비철금속,풍산홀딩스,005810,6.57,0.43,0.0654490106544901,-3.4722222222222223,Q1(최고 가성비)
식품,에스앤디,260970,22.0,1.44,0.06545454545454546,141.36690647482013,Q1(최고 가성비)
식품,매일유업,267980,9.0,0.59,0.06555555555555556,-11.656441717791411,Q1(최고 가성비)
양방향미디어와서비스,메쎄이상,408920,21.0,1.38,0.06571428571428571,-16.265060240963855,Q1(최고 가성비)
조선,에스앤더블류,103230,10.0,0.66,0.066,-17.624521072796934,Q1(최고 가성비)
건설,금화피에스시,036190,8.0,0.53,0.06625,-4.664179104477612,Q1(최고 가성비)
전자장비와기기,슈프리마에이치큐,094840,6.0,0.4,0.06666666666666667,-11.898395721925134,Q1(최고 가성비)
건강관리업체및서비스,노바렉스,194700,15.0,1.0,0.06666666666666667,-7.414634146341464,Q1(최고 가성비)
카드,삼성카드,029780,7.45,0.5,0.06711409395973154,9.25170068027211,Q2
IT서비스,인포바인,115310,7.0,0.47,0.06714285714285714,36.60714285714286,Q2
방송과엔터테인먼트,에스엠,041510,42.0,2.82,0.06714285714285714,27.52403846153846,Q2
해운사,KSS해운,044450,6.81,0.46,0.06754772393538913,5.96107055961071,Q2
생명보험,동양생명,082640,7.08,0.48,0.06779661016949153,-8.561643835616438,Q2
증권,유진투자증권,001200,5.9,0.4,0.06779661016949153,-42.75534441805225,Q2
상업서비스와공급품,현대이지웰,090850,23.0,1.56,0.06782608695652174,-14.851485148514852,Q2
항공화물운송과물류,KCTC,009070,6.92,0.47,0.06791907514450866,-6.130268199233717,Q2
건설,신원종합개발,017000,5.0,0.34,0.068,-5.84070796460177,Q2
건축자재,NI스틸,008260,10.53,0.72,0.06837606837606838,-30.042462845010615,Q2
화학,BGF,027410,3.35,0.23,0.06865671641791045,-10.131578947368421,Q2
인터넷과카탈로그소매,현대홈쇼핑,057050,4.36,0.3,0.06880733944954129,-3.197674418604651,Q2
건축자재,벽산,007210,7.84,0.54,0.06887755102040816,-6.911447084233261,Q2
에너지장비및서비스,HD현대에너지솔루션,322000,10.59,0.73,0.06893295561850803,-4.225352112676056,Q2
전자장비와기기,동일기연,032960,10.0,0.69,0.069,-7.813633067440174,Q2
석유와가스,SK디스커버리,006120,4.49,0.31,0.06904231625835189,-10.238907849829351,Q2
광고,HS애드,035000,8.38,0.58,0.06921241050119331,6.60377358490566,Q2
식품,사조오양,006090,5.61,0.39,0.06951871657754011,-5.452436194895592,Q2
반도체와반도체장비,유니퀘스트,077500,8.61,0.6,0.06968641114982578,-33.333333333333336,Q2
조선,동방선기,099410,16.0,1.12,0.07,30.01988071570577,Q2
화장품,원익,032940,4.0,0.28,0.07,-10.600255427841635,Q2
제약,신일제약,012790,10.0,0.7,0.07,-14.36241610738255,Q2
포장재,삼보판지,023600,5.0,0.35,0.07,-27.573529411764707,Q2
자동차,KG에코솔루션,151860,6.0,0.42,0.07,-48.421052631578945,Q2
판매업체,YW,051390,6.0,0.42,0.07,-3.723404255319149,Q2
해운사,와이엔텍,067900,9.0,0.63,0.07,-9.182209469153515,Q2
자동차부품,넥센타이어,002350,7.71,0.54,0.07003891050583658,-34.36754176610979,Q2
자동차부품,에스엘,005850,12.81,0.9,0.0702576112412178,18.59375,Q2
식품,샘표식품,248170,7.81,0.55,0.07042253521126761,-6.884057971014493,Q2
자동차부품,SJM홀딩스,025530,4.96,0.35,0.07056451612903226,-20.310478654592497,Q2
전자장비와기기,슈프리마,236200,13.0,0.92,0.07076923076923076,13.333333333333334,Q2
"섬유,의류,신발,호화품",호전실업,111110,6.92,0.49,0.0708092485549133,14.04255319148936,Q2
조선,삼영엠텍,054540,11.0,0.78,0.07090909090909091,15.91478696741855,Q2
화학,웹스,196700,11.0,0.78,0.07090909090909091,-31.823204419889503,Q2
건설,HJ중공업,097230,10.15,0.72,0.07093596059113301,80.56801195814649,Q2
기계,현대엘리베이터,017800,20.11,1.43,0.07110890104425659,35.26570048309179,Q2
기계,비엠티,086670,14.0,1.0,0.07142857142857142,-25.0,Q2
자동차,KG케미칼,001390,7.14,0.51,0.07142857142857142,-38.24531516183986,Q2
가스유틸리티,SK가스,018670,8.25,0.59,0.07151515151515152,58.32249674902471,Q2
화학,나노,187790,19.0,1.36,0.07157894736842105,-14.448669201520913,Q2
철강,세아홀딩스,058650,2.93,0.21,0.07167235494880546,-16.08888888888889,Q2
전자장비와기기,빛샘전자,072950,10.0,0.72,0.072,-31.35048231511254,Q2
식품,해태제과식품,101530,7.77,0.56,0.07207207207207207,24.29378531073446,Q2
반도체와반도체장비,마이크로컨텍솔,098120,23.0,1.66,0.07217391304347825,0.10193679918451,Q2
자동차부품,모토닉,009680,5.68,0.41,0.0721830985915493,13.26781326781327,Q2
석유와가스,SK,034730,6.35,0.46,0.07244094488188976,-26.836158192090394,Q2
기계,TYM,002900,9.66,0.7,0.07246376811594203,-19.287020109689212,Q2
손해보험,인카금융서비스,211050,40.0,2.9,0.0725,68.43373493975903,Q2
화학,태광산업,003240,2.06,0.15,0.07281553398058252,-5.874125874125874,Q2
도로와철도운송,동양고속,084670,5.63,0.41,0.07282415630550622,-40.76271186440678,Q2
증권,현대차증권,001500,3.84,0.28,0.07291666666666667,-28.96036469545397,Q2
핸드셋,슈피겐코리아,192440,6.0,0.44,0.07333333333333333,-14.729950900163667,Q2
비철금속,황금에스티,032560,4.77,0.35,0.07337526205450734,-26.666666666666668,Q2
디스플레이장비및부품,디바이스,187870,11.0,0.81,0.07363636363636364,-32.61694058154235,Q2
자동차부품,화승알앤에이,378850,11.49,0.85,0.07397737162750218,-23.980815347721823,Q2
자동차부품,삼보모터스,053700,5.0,0.37,0.074,-21.904761904761905,Q2
건강관리기술,GC메디아이,032620,31.0,2.3,0.07419354838709677,-37.051039697542535,Q2
교육서비스,아이비김영,339950,32.0,2.38,0.074375,0.24271844660194,Q2
기계,디와이파워,210540,8.3,0.62,0.0746987951807229,-12.509307520476545,Q2
반도체와반도체장비,아이앤씨,052860,14.0,1.05,0.075,-26.2803738317757,Q2
가스유틸리티,서울가스,017390,2.8,0.21,0.075,-15.716753022452504,Q2
교육서비스,디지털대성,068930,15.0,1.13,0.07533333333333334,9.8159509202454,Q2
화학,HRS,036640,11.0,0.83,0.07545454545454545,-10.454545454545455,Q2
소프트웨어,소프트캠프,258790,28.0,2.12,0.07571428571428572,-35.53264604810997,Q2
건설,HL D&I,014790,2.9,0.22,0.07586206896551724,9.97506234413965,Q2
레저용장비와제품,이녹스,088390,13.0,0.99,0.07615384615384616,-66.88741721854305,Q2
반도체와반도체장비,테스,095610,16.0,1.22,0.07625,0.4672897196261682,Q2
해운사,인터지스,129260,3.4,0.26,0.07647058823529412,4.07725321888412,Q2
식품과기본식료품소매,CJ프레시웨이,051500,12.0,0.92,0.07666666666666666,-2.9411764705882355,Q2
반도체와반도체장비,메카로,241770,6.0,0.46,0.07666666666666666,19.30803571428571,Q2
반도체와반도체장비,씨앤지하이테크,264660,15.0,1.15,0.07666666666666666,2.959501557632399,Q2
반도체와반도체장비,케이씨,029460,5.45,0.42,0.07706422018348624,-25.102880658436213,Q2
증권,유화증권,003460,3.5,0.27,0.07714285714285714,4.01785714285714,Q2
게임엔터테인먼트,한빛소프트,047080,36.0,2.78,0.07722222222222222,-40.696055684454755,Q2
에너지장비및서비스,수산인더스트리,126720,9.17,0.71,0.07742639040348964,-16.849015317286653,Q2
조선,한라IMS,092460,14.0,1.09,0.07785714285714286,35.59870550161812,Q2
IT서비스,KG이니시스,035600,10.0,0.78,0.078,-28.449744463373083,Q2
건축자재,유니드비티플러스,446070,3.31,0.26,0.07854984894259819,-16.42105263157895,Q2
게임엔터테인먼트,위메이드플레이,123420,7.0,0.55,0.07857142857142857,-41.65923282783229,Q2
반도체와반도체장비,성우테크론,045300,7.0,0.55,0.07857142857142857,-26.67890870933893,Q2
건강관리기술,인피니트헬스케어,071200,15.0,1.18,0.07866666666666666,-9.123434704830053,Q2
창업투자,DSC인베스트먼트,241520,15.0,1.18,0.07866666666666666,8.91959798994975,Q2
건설,삼일기업공사,002290,9.0,0.71,0.07888888888888888,7.30027548209366,Q2
식품,팜스토리,027710,11.0,0.87,0.07909090909090909,-26.70807453416149,Q2
항공화물운송과물류,동방,004140,10.36,0.82,0.07915057915057915,-3.160270880361174,Q2
자동차부품,한국단자,025540,9.47,0.75,0.0791974656810982,6.041335453100159,Q2
자동차부품,현대모비스,012330,7.68,0.61,0.07942708333333333,4.18326693227092,Q2
백화점과일반상점,세이브존I&C,067830,2.64,0.21,0.07954545454545454,-14.807692307692308,Q2
식품,오리온홀딩스,001800,5.01,0.4,0.07984031936127745,14.495798319327731,Q2
자동차부품,한국타이어앤테크놀로지,161390,9.39,0.75,0.07987220447284345,-27.532228360957642,Q2
건설,IPARK현대산업개발,294870,5.0,0.4,0.08,18.98016997167139,Q2
IT서비스,케이엘넷,039420,15.0,1.2,0.08,-7.962962962962963,Q2
가정용기기와용품,하츠,066130,8.0,0.64,0.08,-0.5791505791505791,Q2
증권,유안타증권,003470,4.5,0.36,0.08,-2.7777777777777777,Q2
기계,하이록코리아,013030,11.0,0.88,0.08,6.74373795761079,Q2
자동차부품,금호타이어,073240,18.53,1.49,0.08041014570966001,-18.034188034188034,Q2
무역회사와판매업체,LX인터내셔널,001120,5.22,0.42,0.08045977011494253,-5.992509363295881,Q2
자동차부품,영화테크,265560,21.0,1.69,0.08047619047619048,-18.64594894561598,Q2
철강,SHD,001770,5.58,0.45,0.08064516129032258,-21.641400940930474,Q2
반도체와반도체장비,이엔에프테크놀로지,102710,12.0,0.97,0.08083333333333333,-2.1235521235521237,Q2
자동차부품,인지컨트롤스,023800,7.15,0.58,0.08111888111888112,-26.73521850899743,Q2
가스유틸리티,대성홀딩스,016710,3.82,0.31,0.08115183246073299,-25.479744136460553,Q2
자동차부품,화신,010690,12.25,1.0,0.08163265306122448,-26.062846580406653,Q2
화학,한국알콜,017890,6.0,0.49,0.08166666666666667,-15.9702878365831,Q2
자동차부품,SNT다이내믹스,003570,7.43,0.61,0.08209959623149395,72.0943290286356,Q2
반도체와반도체장비,알에프세미,096610,13.0,1.07,0.0823076923076923,0.0,Q2
자동차부품,우리산업홀딩스,072470,8.0,0.66,0.0825,-46.109839816933636,Q2
상업서비스와공급품,리파인,377450,13.0,1.08,0.08307692307692308,42.25941422594142,Q2
식품,하림,136480,13.0,1.08,0.08307692307692308,-1.9575856443719413,Q2
출판,아시아경제,127710,3.0,0.25,0.08333333333333333,-7.142857142857143,Q2
레저용장비와제품,골프존홀딩스,121440,3.0,0.25,0.08333333333333333,11.26582278481013,Q2
자동차부품,모베이스전자,012860,9.0,0.75,0.08333333333333333,-23.48008385744235,Q2
반도체와반도체장비,네패스,033640,19.0,1.59,0.08368421052631579,-60.87205966724039,Q2
기계,진성티이씨,036890,12.0,1.01,0.08416666666666667,-14.70311027332705,Q2
디스플레이장비및부품,토비스,051360,17.0,1.44,0.08470588235294117,6.264775413711584,Q2
제약,종근당홀딩스,001630,6.6,0.56,0.08484848484848485,-27.905073649754502,Q2
비철금속,태경비케이,014580,10.6,0.9,0.08490566037735849,-24.528301886792452,Q2
핸드셋,재영솔루텍,049630,10.0,0.85,0.085,-0.9259259259259259,Q2
화학,미원홀딩스,107590,9.52,0.81,0.08508403361344538,-6.298200514138817,Q2
화학,동성케미컬,102260,7.39,0.63,0.08525033829499323,-23.845836768342952,Q2
포장재,삼륭물산,014970,11.0,0.94,0.08545454545454545,-29.545454545454547,Q2
자동차,현대차,005380,8.41,0.72,0.08561236623067776,-12.703296703296703,Q2
건축자재,동양,001520,2.8,0.24,0.08571428571428572,-42.32365145228216,Q2
자동차,기아,000270,12.92,1.11,0.08591331269349846,-14.259429622815087,Q2
교육서비스,메가스터디교육,215200,18.0,1.55,0.08611111111111111,-21.338155515370705,Q2
생명보험,미래에셋생명,085620,5.22,0.45,0.08620689655172414,-1.6538037486218302,Q2
조선,인화정공,101930,8.0,0.69,0.08625,171.56549520766774,Q2
철강,한국주철관,000970,4.75,0.41,0.0863157894736842,-5.351681957186544,Q2
식품,고려산업,002140,8.43,0.73,0.08659549228944247,-14.444444444444445,Q2
자동차부품,인팩,023810,9.32,0.81,0.08690987124463519,-39.26645091693636,Q2
제약,대한뉴팜,054670,13.0,1.14,0.0876923076923077,-18.44311377245509,Q2
IT서비스,헥토이노베이션,214180,14.0,1.23,0.08785714285714286,-12.322628827483197,Q2
가스유틸리티,대성에너지,117580,8.18,0.72,0.08801955990220049,-5.903614457831325,Q2
반도체와반도체장비,미래산업,025560,8.85,0.78,0.08813559322033898,-61.77840112201964,Q2
무선통신서비스,LG유플러스,032640,6.01,0.53,0.08818635607321132,3.2064128256513,Q2
조선,세진중공업,075580,24.35,2.15,0.08829568788501027,5.7542768273717,Q2
부동산,한국자산신탁,123890,4.64,0.41,0.08836206896551724,-24.044585987261147,Q2
자동차부품,DYP,092780,5.54,0.49,0.08844765342960288,1.0022271714922,Q2
IT서비스,KG모빌리언스,046440,7.0,0.62,0.08857142857142856,-22.340425531914892,Q2
반도체와반도체장비,케이엔제이,272110,31.0,2.75,0.08870967741935484,-12.358946802794197,Q2
기계,앤로보틱스,138360,10.0,0.89,0.089,-42.67453294001967,Q2
창업투자,LB인베스트먼트,309960,10.0,0.89,0.089,-15.909090909090908,Q2
핸드셋,세경하이테크,148150,22.0,1.97,0.08954545454545454,-28.40909090909091,Q2
식품,이지바이오,353810,29.0,2.6,0.0896551724137931,31.05263157894737,Q2
IT서비스,DB,012030,11.67,1.05,0.08997429305912596,-22.201017811704833,Q2
소프트웨어,디모아,016670,5.0,0.45,0.09,-38.72045220966084,Q2
핸드셋,PS일렉트로닉스,332570,20.0,1.8,0.09,2.22575516693164,Q2
자동차부품,아진산업,013310,7.0,0.63,0.09,-24.87437185929648,Q2
반도체와반도체장비,매커스,093520,19.0,1.71,0.09,-29.163738580463807,Q2
화학,동방아그로,007590,5.75,0.52,0.09043478260869565,-5.520504731861199,Q2
"섬유,의류,신발,호화품",화승인더,006060,5.63,0.51,0.0905861456483126,37.48211731044349,Q2
제약,JW홀딩스,096760,23.57,2.14,0.09079338141705558,-4.73186119873817,Q2
우주항공과국방,현대로템,064350,30.05,2.73,0.0908485856905158,178.68421052631578,Q2
"호텔,레스토랑,레저",서부T&D,006730,8.0,0.73,0.09125,-26.797385620915033,Q2
제약,동아쏘시오홀딩스,000640,8.32,0.76,0.09134615384615384,-14.359861591695502,Q2
디스플레이장비및부품,비아트론,141000,6.0,0.55,0.09166666666666666,-15.506715506715507,Q2
제약,삼아제약,009300,6.0,0.55,0.09166666666666666,-2.0121951219512195,Q2
전자장비와기기,코리아써키트,007810,11.54,1.06,0.09185441941074524,-42.679632631010264,Q2
전자제품,경인전자,009140,4.88,0.45,0.09221311475409837,-14.97716894977169,Q2
해운사,팬오션,028670,5.3,0.49,0.09245283018867924,-17.51207729468599,Q2
상업서비스와공급품,나이스디앤비,130580,12.0,1.11,0.0925,-22.322899505766063,Q2
통신장비,에프알텍,073540,4.0,0.37,0.0925,-26.868905742145177,Q2
화장품,네오팜,092730,15.0,1.39,0.09266666666666666,3.8900895338067305,Q2
화학,코오롱ENP,138490,12.19,1.13,0.09269893355209188,-24.37417654808959,Q2
도로와철도운송,롯데렌탈,089860,8.39,0.78,0.09296781883194279,5.072463768115942,Q2
소프트웨어,윈스테크넷,136540,10.0,0.93,0.093,-16.277258566978194,Q2
자동차부품,모베이스,101330,3.0,0.28,0.09333333333333334,-16.50485436893204,Q2
항공화물운송과물류,로젠,033290,6.0,0.56,0.09333333333333334,-38.71951219512195,Q2
IT서비스,한국정보인증,053300,13.0,1.22,0.09384615384615384,-19.498069498069498,Q2
건축자재,삼표시멘트,038500,5.0,0.47,0.094,0.66666666666667,Q2
전기제품,아바코,083930,14.0,1.32,0.09428571428571429,-16.51705565529623,Q2
자동차부품,세방전지,004490,9.12,0.86,0.09429824561403509,-15.501905972045744,Q2
통신장비,유비쿼스,264450,13.0,1.23,0.09461538461538462,-36.77758318739054,Q2
철강,문배철강,008420,3.58,0.34,0.09497206703910614,-16.724137931034484,Q2
생물공학,쎌바이오텍,049960,8.0,0.76,0.095,5.513784461152882,Q2
핸드셋,우주일렉트로,065680,8.0,0.76,0.095,32.52427184466019,Q2
식품,이지홀딩스,035810,4.0,0.38,0.095,-7.951070336391437,Q2
창업투자,TS인베스트먼트,246690,8.0,0.76,0.095,-20.56005895357406,Q2
도로와철도운송,AJ네트웍스,095570,6.31,0.6,0.09508716323296355,-23.298969072164947,Q2
식품,삼양식품,003230,37.59,3.59,0.09550412343708434,288.5321100917431,Q2
음료,진로발효,018120,14.0,1.34,0.09571428571428571,14.238190286094477,Q2
자동차부품,유니온머티리얼,047400,14.04,1.35,0.09615384615384616,-26.840148698884757,Q2
컴퓨터와주변기기,제이씨현시스템,033320,8.0,0.77,0.09625,13.11288483466363,Q2
자동차부품,네오티스,085910,8.0,0.77,0.09625,-11.74698795180723,Q2
반도체와반도체장비,원익홀딩스,030530,3.0,0.29,0.09666666666666666,-5.438813349814586,Q2
전자장비와기기,S&K폴리텍,091340,3.0,0.29,0.09666666666666666,9.18367346938776,Q2
자동차부품,체시스,033250,15.0,1.45,0.09666666666666666,-21.352313167259787,Q2
담배,KT&G,033780,11.77,1.14,0.09685641461342395,11.69398907103825,Q2
IT서비스,대신정보통신,020180,16.0,1.55,0.096875,1.2987012987013,Q2
디스플레이장비및부품,HB테크놀러지,078150,10.0,0.97,0.097,-21.575984990619137,Q2
소프트웨어,텔코웨어,078000,5.56,0.54,0.09712230215827339,-18.33489242282507,Q2
음료,보해양조,000890,8.75,0.85,0.09714285714285714,-10.276679841897232,Q2
반도체와반도체장비,한양이엔지,045100,7.0,0.68,0.09714285714285714,-14.148936170212766,Q2
건설,동아지질,028100,8.22,0.8,0.09732360097323602,2.7386541471048513,Q2
우주항공과국방,휴니드,005870,6.45,0.63,0.09767441860465116,22.25433526011561,Q2
화학,유니드,014830,6.23,0.61,0.09791332263242375,-11.393939393939394,Q2
상업서비스와공급품,NICE평가정보,030190,17.65,1.73,0.09801699716713881,23.1079717457114,Q2
자동차부품,대원강업,000430,6.72,0.66,0.09821428571428571,-30.212355212355213,Q2
기계,와이지-원,019210,6.0,0.59,0.09833333333333333,-7.426597582037997,Q2
자동차부품,디와이씨,310870,7.0,0.69,0.09857142857142857,-6.233766233766234,Q2
가정용기기와용품,코웨이,021240,18.14,1.79,0.09867695700110253,38.63636363636364,Q2
자동차부품,SNT모티브,064960,6.97,0.69,0.09899569583931134,4.389086595492289,Q2
반도체와반도체장비,DB하이텍,000990,12.52,1.24,0.09904153354632587,-5.863539445628998,Q2
게임엔터테인먼트,엠게임,058630,12.0,1.19,0.09916666666666667,-17.616580310880828,Q2
게임엔터테인먼트,더블유게임즈,192080,11.33,1.13,0.0997352162400706,22.2488038277512,Q2
비철금속,한컴위드,054920,6.0,0.6,0.1,-22.62773722627737,Q2
비철금속,케이피티유,054410,6.0,0.6,0.1,-36.78646934460888,Q2
화장품,에이블씨엔씨,078520,15.88,1.59,0.10012594458438287,-7.5177304964539005,Q2
화학,동성화인텍,033500,24.0,2.41,0.10041666666666667,87.14859437751004,Q2
IT서비스,에프앤가이드,064850,15.0,1.51,0.10066666666666667,-4.564315352697095,Q2
기계,수산세보틱스,017550,8.21,0.83,0.10109622411693057,-14.528301886792454,Q2
자동차부품,엣지파운드리,105550,15.0,1.52,0.10133333333333333,85.62231759656652,Q2
화학,한국쉘석유,002960,28.93,2.94,0.10162461113031455,30.91976516634051,Q2
전기장비,세명전기,017510,6.0,0.61,0.10166666666666667,71.81208053691275,Q2
디스플레이장비및부품,위지트,036090,6.0,0.61,0.10166666666666667,-18.23671497584541,Q2
소프트웨어,휴네시온,290270,12.0,1.22,0.10166666666666667,-24.782608695652176,Q2
포장재,신풍,002870,2.75,0.28,0.10181818181818182,48.45105328376704,Q2
건강관리기술,솔본,035610,10.0,1.02,0.102,-25.711382113821138,Q2
반도체와반도체장비,이엘씨,041520,5.0,0.51,0.102,-22.43436754176611,Q2
제약,JW생명과학,234080,13.59,1.39,0.10228108903605593,-11.568938193343898,Q2
자동차부품,유니크,011320,8.0,0.82,0.1025,-31.145833333333332,Q2
"섬유,의류,신발,호화품",패션플랫폼,225590,4.0,0.41,0.1025,-20.241411327762304,Q2
건축제품,제일테크노스,038010,7.0,0.72,0.10285714285714286,-15.977961432506888,Q2
전자장비와기기,바이오스마트,038460,7.0,0.72,0.10285714285714286,-16.32088520055325,Q2
게임엔터테인먼트,네오위즈,095660,10.0,1.03,0.103,0.6711409395973155,Q2
핸드셋,앤디포스,238090,6.0,0.62,0.10333333333333333,-36.15279672578445,Q2
화학,오공,045060,5.0,0.52,0.104,-21.496815286624205,Q2
"섬유,의류,신발,호화품",한섬,020000,3.25,0.34,0.10461538461538461,-23.56968215158924,Q2
제약,대웅제약,069620,21.75,2.28,0.10482758620689656,-9.512390087929656,Q2
기계,디와이피엔에프,104460,18.0,1.89,0.105,-27.416267942583733,Q2
디스플레이장비및부품,이엘피,063760,4.0,0.42,0.105,-35.39967373572594,Q2
제약,일성아이에스,003120,3.41,0.36,0.10557184750733138,-28.955916473317867,Q2
자동차부품,한국무브넥스,010100,5.3,0.56,0.10566037735849057,-19.00749063670412,Q2
창업투자,대성창투,027830,15.0,1.59,0.106,-14.796380090497738,Q2
자동차부품,현대공업,170030,8.0,0.85,0.10625,-16.968911917098445,Q2
건설,일성건설,013360,5.36,0.57,0.10634328358208955,229.9212598425197,Q2
화장품,코스맥스,192820,23.86,2.54,0.10645431684828165,31.15384615384615,Q2
자동차부품,진양홀딩스,100250,4.88,0.52,0.10655737704918032,-8.103975535168196,Q2
핸드셋,이랜텍,054210,9.0,0.96,0.10666666666666667,-43.433179723502306,Q2
교육서비스,멀티캠퍼스,067280,12.0,1.28,0.10666666666666667,-10.027472527472527,Q2
제약,제일파마홀딩스,002620,4.68,0.5,0.10683760683760683,-27.148080438756857,Q2
건설,현대건설,000720,4.58,0.49,0.10698689956331878,9.63855421686747,Q2
디스플레이장비및부품,제이엠티,094970,10.0,1.07,0.107,-64.32880844645551,Q2
반도체와반도체장비,미코,059090,27.0,2.89,0.10703703703703704,-32.12913143735588,Q2
포장재,신대양제지,016590,3.83,0.41,0.10704960835509138,8.34645669291339,Q2
손해보험,삼성화재,000810,10.97,1.18,0.10756608933454877,18.36065573770492,Q2
화학,경농,002100,7.24,0.78,0.10773480662983426,-13.399014778325123,Q2
비철금속,경동인베스트,012320,3.8,0.41,0.10789473684210527,-28.757396449704142,Q2
"섬유,의류,신발,호화품",미스토홀딩스,081660,11.39,1.23,0.10798946444249341,-0.38910505836575876,Q3
화학,원익머트리얼즈,104830,10.0,1.08,0.108,-47.700394218134036,Q3
소프트웨어,투비소프트,079970,5.0,0.54,0.108,-82.97142857142858,Q3
"섬유,의류,신발,호화품",형지엘리트,093240,5.18,0.56,0.10810810810810811,153.125,Q3
비철금속,SIMPAC,009160,3.79,0.41,0.10817941952506596,-16.035634743875278,Q3
조선,HD현대중공업,329180,18.82,2.04,0.10839532412327312,139.90107172300083,Q3
자동차부품,삼성공조,006660,2.49,0.27,0.10843373493975904,78.45622119815668,Q3
상업서비스와공급품,효성ITX,094280,21.21,2.3,0.10843941537010844,-7.0078740157480315,Q3
디스플레이장비및부품,이녹스첨단소재,272290,14.0,1.52,0.10857142857142857,-24.06779661016949,Q3
핸드셋,엠씨넥스,097520,13.61,1.48,0.10874357090374724,-6.782945736434108,Q3
조선,오리엔탈정공,014940,16.0,1.74,0.10875,56.17283950617284,Q3
에너지장비및서비스,비에이치아이,083650,44.0,4.79,0.10886363636363636,90.32967032967034,Q3
전기제품,비츠로셀,082920,19.0,2.07,0.10894736842105263,33.88429752066116,Q3
핸드셋,액트로,290740,10.0,1.09,0.109,-25.945945945945947,Q3
부동산,한국토지신탁,034830,2.1,0.23,0.10952380952380952,-3.404669260700389,Q3
제약,진바이오텍,086060,7.0,0.77,0.11,-23.629719853836786,Q3
기계,KZ정밀,036560,5.0,0.55,0.11,-9.306260575296108,Q3
석유와가스,리드코프,012700,3.0,0.33,0.11,-31.744604316546763,Q3
기계,성광벤드,014620,6.0,0.66,0.11,120.17937219730942,Q3
게임엔터테인먼트,컴투스,078340,4.0,0.44,0.11,-2.6378896882494005,Q3
비철금속,태경산업,015890,5.41,0.6,0.11090573012939002,-21.94719471947195,Q3
IT서비스,유엔젤,072130,7.07,0.79,0.11173974540311174,46.70406732117812,Q3
자동차부품,한국큐빅,021650,5.0,0.56,0.112,-23.175182481751825,Q3
가구,퍼시스,016800,6.07,0.68,0.11202635914332784,15.23545706371191,Q3
항공화물운송과물류,CJ대한통운,000120,5.98,0.67,0.11204013377926421,-27.95969773299748,Q3
건설,한미글로벌,053690,8.56,0.96,0.11214953271028037,-8.273381294964029,Q3
판매업체,지어소프트,051160,9.0,1.01,0.11222222222222222,17.59603469640644,Q3
통신장비,유비쿼스홀딩스,078070,8.0,0.9,0.1125,-23.253968253968253,Q3
전기장비,효성중공업,298040,24.41,2.75,0.11265874641540352,46.52777777777778,Q3
전자장비와기기,현우산업,092300,7.0,0.79,0.11285714285714285,-29.7979797979798,Q3
IT서비스,링네트,042500,10.0,1.13,0.113,-32.21574344023323,Q3
화학,동일고무벨트,163560,4.6,0.52,0.11304347826086956,-12.390488110137673,Q3
포장재,펌텍코리아,251970,12.0,1.36,0.11333333333333333,109.72515856236787,Q3
핸드셋,코아시아씨엠,196450,6.0,0.68,0.11333333333333333,-52.855993563958165,Q3
광고,인크로스,216050,10.0,1.14,0.114,-31.243781094527364,Q3
운송인프라,토탈소프트,045340,25.0,2.86,0.1144,56.21019108280255,Q3
창업투자,우리기술투자,041190,15.0,1.72,0.11466666666666667,-28.522727272727273,Q3
비철금속,풍산,103140,6.54,0.75,0.11467889908256881,23.36633663366337,Q3
광고,이노션,214320,8.88,1.02,0.11486486486486487,-18.70967741935484,Q3
기계,한국정밀기계,101680,4.0,0.46,0.115,3.7037037037037,Q3
반도체와반도체장비,프로텍,053610,15.0,1.73,0.11533333333333333,-57.37547892720306,Q3
방송과엔터테인먼트,KNN,058400,5.0,0.58,0.116,-15.181518151815181,Q3
자동차부품,디와이,013570,3.62,0.42,0.11602209944751381,-34.201388888888886,Q3
창업투자,미래에셋벤처투자,100790,8.0,0.93,0.11625,-21.34251290877797,Q3
건강관리장비와용품,파마리서치,214450,27.0,3.14,0.1162962962962963,224.07407407407408,Q3
IT서비스,NICE,034310,4.98,0.58,0.11646586345381527,-11.417004048582996,Q3
식품,샘표,007540,4.63,0.54,0.11663066954643629,-17.7,Q3
증권,LS증권,078020,3.0,0.35,0.11666666666666667,-22.655426765015807,Q3
비철금속,고려아연,010130,8.48,0.99,0.11674528301886793,71.17516629711751,Q3
건설,일진파워,094820,13.0,1.52,0.11692307692307692,-33.30702446724546,Q3
식품,빙그레,005180,7.58,0.89,0.11741424802110818,63.27586206896552,Q3
포장재,원림,005820,2.98,0.35,0.1174496644295302,-29.205366357069142,Q3
광고,제일기획,030000,13.7,1.61,0.11751824817518249,-6.1203319502074685,Q3
화학,롯데정밀화학,004000,4.42,0.52,0.11764705882352941,-22.29299363057325,Q3
전기제품,엠플러스,259630,22.0,2.59,0.11772727272727272,-33.97489539748954,Q3
IT서비스,한국정보통신,025770,11.0,1.3,0.11818181818181818,-13.235294117647058,Q3
전기장비,일진전기,103590,19.08,2.26,0.11844863731656184,27.89526686807654,Q3
우주항공과국방,RF머트리얼즈,327260,15.0,1.78,0.11866666666666667,-38.34586466165413,Q3
식품,교촌에프앤비,339770,9.57,1.14,0.11912225705329153,43.27700220426157,Q3
전자제품,가온그룹,078890,5.0,0.6,0.12,-60.30042918454936,Q3
제약,안국약품,001540,5.0,0.6,0.12,-19.164619164619165,Q3
레저용장비와제품,삼천리자전거,024950,6.0,0.72,0.12,-27.888086642599276,Q3
건설,동원개발,013120,2.0,0.24,0.12,-17.61467889908257,Q3
건축자재,성신양회,004980,4.49,0.54,0.12026726057906459,-18.2983682983683,Q3
화장품,한국콜마,161890,14.69,1.77,0.12049012933968686,26.21359223300971,Q3
"호텔,레스토랑,레저",강원랜드,035250,8.11,0.98,0.12083847102342787,1.0290556900726393,Q3
"섬유,의류,신발,호화품",백산,035150,13.22,1.6,0.12102874432677761,21.76759410801964,Q3
상업서비스와공급품,이크레더블,092130,28.0,3.39,0.12107142857142857,11.367127496159755,Q3
게임엔터테인먼트,엔씨소프트,036570,10.79,1.31,0.12140871177015755,-26.50485436893204,Q3
해운사,팬스타엔터프라이즈,054300,7.0,0.85,0.12142857142857143,-22.320117474302496,Q3
가정용기기와용품,경동나비엔,009450,12.24,1.49,0.12173202614379085,39.66165413533835,Q3
제약,휴온스글로벌,084110,5.0,0.61,0.122,71.45969498910675,Q3
디스플레이패널,LG디스플레이,034220,3.44,0.42,0.12209302325581395,-18.65189289012004,Q3
컴퓨터와주변기기,오픈베이스,049480,9.0,1.1,0.12222222222222222,-14.41947565543071,Q3
화장품,세화피앤씨,252500,8.0,0.98,0.1225,-9.194097616345063,Q3
제약,테라젠이텍스,066700,8.0,0.98,0.1225,-33.18181818181818,Q3
음료,흥국에프엔비,189980,8.0,0.98,0.1225,-24.320712694877507,Q3
자동차부품,유라테크,048430,7.0,0.86,0.12285714285714286,4.15730337078652,Q3
제약,하나제약,293480,7.24,0.89,0.12292817679558012,-25.162689804772235,Q3
식품,조흥,002600,5.41,0.67,0.12384473197781885,-4.497663551401869,Q3
핸드셋,아모텍,052710,5.0,0.62,0.124,1.06809078771696,Q3
화학,아셈스,136410,13.0,1.62,0.12461538461538461,-6.0570071258907365,Q3
우주항공과국방,기산텔레콤,035460,8.0,1.0,0.125,-19.46502057613169,Q3
전자제품,삼진,032750,4.0,0.5,0.125,-17.704280155642024,Q3
제약,휴온스,243070,12.0,1.5,0.125,-31.47632311977716,Q3
항공사,대한항공,003490,7.28,0.91,0.125,-2.494331065759637,Q3
소프트웨어,영림원소프트랩,060850,13.0,1.63,0.12538461538461537,-40.67796610169491,Q3
통신장비,자화전자,033240,11.15,1.4,0.12556053811659193,-52.16,Q3
식품,대주산업,003310,7.0,0.88,0.12571428571428572,5.39443155452436,Q3
운송인프라,위즈코프,038620,5.0,0.63,0.126,-0.759493670886076,Q3
전기장비,LS ELECTRIC,010120,14.67,1.85,0.12610770279481937,79.59183673469389,Q3
음료,국순당,043650,3.0,0.38,0.12666666666666668,-24.11660777385159,Q3
상업서비스와공급품,제이엠아이,033050,6.0,0.76,0.12666666666666668,-20.238095238095237,Q3
제약,신신제약,002800,13.0,1.65,0.12692307692307692,-19.26040061633282,Q3
제약,옵투스제약,131030,7.0,0.89,0.12714285714285714,-16.37107776261937,Q3
기계,HD건설기계,267270,5.74,0.73,0.12717770034843207,9.69387755102041,Q3
화학,남해화학,025860,5.41,0.69,0.12754158964879853,-15.688949522510232,Q3
비철금속,이구산업,025820,9.61,1.23,0.1279916753381894,-0.5353319057815846,Q3
전기제품,에스씨디,042110,5.0,0.64,0.128,-9.349336702463676,Q3
건설,GS건설,006360,2.03,0.26,0.12807881773399016,12.682602921646746,Q3
제약,유나이티드제약,033270,8.27,1.06,0.12817412333736397,-19.016393442622952,Q3
상업서비스와공급품,에스원,012750,10.45,1.34,0.12822966507177033,2.155887230514096,Q3
디스플레이장비및부품,유아이디,069330,7.0,0.9,0.12857142857142856,-4.607631389488841,Q3
건강관리장비와용품,세운메디칼,100700,8.0,1.03,0.12875,-19.006849315068493,Q3
소프트웨어,오상자이엘,053980,10.0,1.29,0.129,-38.5395537525355,Q3
반도체와반도체장비,유니트론텍,142210,10.0,1.29,0.129,-15.146831530139103,Q3
비철금속,피제이메탈,128660,11.0,1.42,0.1290909090909091,-13.037249283667622,Q3
제약,종근당바이오,063160,6.85,0.89,0.12992700729927006,-3.1185031185031185,Q3
생물공학,농우바이오,054050,4.0,0.52,0.13,-11.481481481481481,Q3
상업서비스와공급품,아이마켓코리아,122900,5.74,0.75,0.13066202090592335,-9.14419695193435,Q3
핸드셋,디케이티,290550,12.0,1.57,0.13083333333333333,-24.636174636174637,Q3
화학,미원에스씨,268280,14.34,1.88,0.13110181311018132,5.422535211267606,Q3
항공사,진에어,272450,51.15,6.71,0.13118279569892474,-34.60183227625088,Q3
제약,유유제약,000220,6.4,0.84,0.13125,-16.057692307692307,Q3
포장재,삼화왕관,004450,3.73,0.49,0.13136729222520108,-4.53125,Q3
철강,유에스티,263770,7.0,0.92,0.13142857142857142,-26.05504587155963,Q3
창업투자,플루토스,019570,7.0,0.92,0.13142857142857142,-65.96045197740114,Q3
핸드셋,파트론,091700,7.0,0.92,0.13142857142857142,-14.089775561097257,Q3
건설,남광토건,001260,4.48,0.59,0.13169642857142858,18.49529780564263,Q3
식품,동서,026960,8.48,1.12,0.1320754716981132,48.38337182448037,Q3
제약,제일약품,271980,11.72,1.55,0.13225255972696245,-19.223880597014926,Q3
건설,삼성E&A,028050,13.76,1.83,0.13299418604651161,-19.246031746031747,Q3
기타금융,글로벌텍스프리,204620,28.0,3.74,0.13357142857142856,-6.910876132930514,Q3
백화점과일반상점,이마트,139480,1.27,0.17,0.13385826771653545,16.06367583212735,Q3
가정용품,비비씨,318410,7.0,0.94,0.13428571428571429,-37.92544570502431,Q3
창업투자,SBI인베스트먼트,019550,9.0,1.21,0.13444444444444445,-24.32126696832579,Q3
자동차부품,서연이화,200880,5.28,0.71,0.13446969696969696,-33.78947368421053,Q3
증권,메리츠금융지주,138040,22.53,3.03,0.13448735019973368,48.53658536585366,Q3
전기장비,LS,006260,5.65,0.76,0.13451327433628318,-5.44464609800363,Q3
핸드셋,나무가,190510,15.0,2.02,0.13466666666666666,-24.087123638693146,Q3
화장품,잇츠한불,226320,4.35,0.59,0.135632183908046,-10.573042776432606,Q3
"섬유,의류,신발,호화품",케이엠,083550,3.0,0.41,0.13666666666666666,-35.063512921594395,Q3
"섬유,의류,신발,호화품",F&F,383220,23.16,3.17,0.13687392055267703,-18.69281045751634,Q3
제약,대봉엘에스,078140,7.0,0.96,0.13714285714285715,31.067961165048544,Q3
통신장비,파이오링크,170790,9.0,1.24,0.13777777777777778,-44.32071269487751,Q3
기계,에스에프에이,056190,6.0,0.83,0.13833333333333334,-21.428571428571427,Q3
"섬유,의류,신발,호화품",신영와코루,005800,1.66,0.23,0.13855421686746988,7.7577045696068,Q3
소프트웨어,시큐브,131090,7.0,0.97,0.13857142857142857,-17.896865520728007,Q3
반도체와반도체장비,GST,083450,16.0,2.22,0.13875,-23.33887043189369,Q3
식품,한성기업,003680,4.25,0.59,0.1388235294117647,-9.59409594095941,Q3
화학,세우글로벌,013000,6.9,0.96,0.1391304347826087,-17.65472312703583,Q3
다각화된통신서비스,세종텔레콤,036630,4.0,0.56,0.14,-32.2268326417704,Q3
화학,대정화금,120240,6.0,0.84,0.14,-25.785797438882422,Q3
소프트웨어,브레인즈컴퍼니,099390,10.0,1.4,0.14,-26.933333333333334,Q3
철강,삼현철강,017480,3.0,0.42,0.14,-15.588235294117647,Q3
디스플레이장비및부품,에프엔에스테크,083500,11.0,1.54,0.14,-18.770764119601328,Q3
기계,디케이락,105740,5.0,0.7,0.14,-13.356562137049941,Q3
백화점과일반상점,BGF리테일,282330,15.64,2.19,0.14002557544757033,-15.668580803937655,Q3
화장품,콜마홀딩스,024720,3.85,0.54,0.14025974025974025,18.70588235294118,Q3
식품,오리온,271560,10.51,1.48,0.14081826831588962,23.66492146596859,Q3
소프트웨어,아이퀘스트,262840,11.0,1.55,0.1409090909090909,-41.06019766397125,Q3
건강관리장비와용품,뷰웍스,100120,9.0,1.27,0.1411111111111111,-17.93103448275862,Q3
화학,금호석유화학,011780,4.74,0.67,0.14135021097046413,-13.597122302158274,Q3
건축자재,한일홀딩스,003300,1.91,0.27,0.14136125654450263,11.43317230273752,Q3
포장재,아세아제지,002310,3.52,0.5,0.14204545454545456,-26.11111111111111,Q3
"섬유,의류,신발,호화품",크리스에프앤씨,110790,4.0,0.57,0.1425,-47.411764705882355,Q3
판매업체,한국정보공학,039740,4.0,0.57,0.1425,-10.526315789473685,Q3
건축자재,한일시멘트,300720,4.14,0.59,0.14251207729468598,28.78048780487805,Q3
전기유틸리티,한전KPS,051600,9.29,1.34,0.1442411194833154,12.94765840220386,Q3
전자장비와기기,에이치시티,072990,7.0,1.01,0.1442857142857143,-15.539234634712022,Q3
IT서비스,대아티아이,045390,14.0,2.02,0.1442857142857143,0.15847860538827,Q3
디스플레이장비및부품,디아이티,110990,14.0,2.02,0.1442857142857143,-21.599592460519613,Q3
건설,희림,037440,9.0,1.3,0.14444444444444443,-26.14814814814815,Q3
건강관리장비와용품,원바이오젠,307280,17.0,2.46,0.14470588235294118,-44.02196873679763,Q3
증권,한화투자증권,003530,3.73,0.54,0.1447721179624665,-14.434330299089726,Q3
제약,드림씨아이에스,223250,10.0,1.45,0.145,-8.766233766233766,Q3
가구,한샘,009240,12.34,1.79,0.14505672609400325,-19.223107569721115,Q3
화장품,코스메카코리아,241710,19.0,2.78,0.1463157894736842,24.86910994764398,Q3
자동차부품,우신시스템,017370,10.18,1.49,0.14636542239685657,-30.470588235294116,Q3
광고,오리콤,010470,6.0,0.88,0.14666666666666667,-14.197530864197532,Q3
상업서비스와공급품,서울평가정보,036120,23.0,3.39,0.14739130434782607,-27.938671209540033,Q3
반도체와반도체장비,티엘비,356860,16.0,2.36,0.1475,-29.62962962962963,Q3
건축자재,노루페인트,090350,4.0,0.59,0.1475,-24.578790882061448,Q3
조선,삼성중공업,010140,13.74,2.03,0.1477438136826783,64.1355140186916,Q3
"섬유,의류,신발,호화품",대원화성,024890,8.11,1.2,0.14796547472256474,-51.600651112316875,Q3
통신장비,쏠리드,050890,11.0,1.63,0.1481818181818182,8.14332247557003,Q3
"섬유,의류,신발,호화품",그리티,204020,6.0,0.89,0.14833333333333334,-10.98360655737705,Q3
반도체와반도체장비,삼성전자,005930,10.85,1.61,0.14838709677419354,-28.29268292682927,Q3
컴퓨터와주변기기,에이텍모빌리티,224110,11.0,1.64,0.14909090909090908,27.08453133985049,Q3
가정용품,전진바이오팜,110020,36.0,5.37,0.14916666666666667,-68.13922356091031,Q3
생명보험,삼성생명,032830,4.96,0.74,0.14919354838709678,-8.743169398907105,Q3
건축자재,라이온켐텍,171120,6.0,0.9,0.15,-25.12155591572123,Q3
IT서비스,NHN KCP,060250,16.0,2.4,0.15,-37.479674796747965,Q3
포장재,대림제지,017650,2.0,0.3,0.15,-24.321133412042503,Q3
핸드셋,노바텍,285490,11.0,1.65,0.15,-20.673076923076923,Q3
"섬유,의류,신발,호화품",아가방컴퍼니,013990,7.0,1.05,0.15,7.21247563352827,Q3
IT서비스,모코엠시스,333050,11.0,1.65,0.15,-8.676789587852495,Q3
제약,동국제약,086450,10.0,1.51,0.151,-10.638297872340425,Q3
전자장비와기기,아이디스,143160,7.0,1.06,0.15142857142857144,-19.75062344139651,Q3
복합기업,한화,000880,3.3,0.5,0.15151515151515152,60.0,Q3
반도체와반도체장비,코미코,183300,19.0,2.88,0.15157894736842106,-26.273458445040216,Q3
IT서비스,디지틀조선,033130,6.0,0.91,0.15166666666666667,-18.104738154613468,Q3
우주항공과국방,하이즈항공,221840,5.0,0.76,0.152,-39.242105263157896,Q3
화학,TKG휴켐스,069260,6.77,1.03,0.15214180206794684,-21.496735308890006,Q3
철강,세아베스틸지주,001430,2.89,0.44,0.1522491349480969,-26.03448275862069,Q3
화학,국도화학,007690,2.56,0.39,0.15234375,-19.667960905074306,Q3
IT서비스,오파스넷,173130,21.0,3.2,0.1523809523809524,-3.4324942791762014,Q3
식품,한탑,002680,4.0,0.61,0.1525,-29.150943396226417,Q3
방송과엔터테인먼트,YG PLUS,037270,12.69,1.94,0.152876280535855,15.36697247706422,Q3
디스플레이장비및부품,인지디스플레,037330,3.0,0.46,0.15333333333333332,-36.331480545730166,Q3
무역회사와판매업체,GS글로벌,001250,3.71,0.57,0.15363881401617252,-6.569343065693431,Q3
식품,농심,004370,6.18,0.95,0.15372168284789645,6.9828722002635,Q3
생명과학도구및서비스,대한과학,131220,8.0,1.23,0.15375,-28.239202657807308,Q3
반도체와반도체장비,피에스케이,319660,16.0,2.46,0.15375,-32.0,Q3
전자장비와기기,백금T&A,046310,6.0,0.93,0.155,-19.569120287253142,Q3
기계,모델솔루션,417970,10.0,1.55,0.155,-25.82562747688243,Q3
전자장비와기기,인터플렉스,051370,11.0,1.71,0.15545454545454546,-41.97786998616874,Q3
소프트웨어,안랩,053800,15.0,2.34,0.156,13.53711790393013,Q3
식품,푸드나무,290720,11.0,1.73,0.1572727272727273,-66.40502354788069,Q3
소프트웨어,이노룰스,296640,8.0,1.26,0.1575,-18.441558441558442,Q3
반도체와반도체장비,피에스케이홀딩스,031980,20.0,3.17,0.1585,-14.806378132118452,Q3
핸드셋,덕우전자,263600,7.0,1.11,0.15857142857142856,-41.830065359477125,Q3
증권,다올투자증권,030210,2.07,0.33,0.15942028985507245,-4.23861852433281,Q3
조선,일승,333430,18.0,2.87,0.15944444444444444,28.75399361022364,Q3
전기장비,대원전선,006340,7.45,1.19,0.1597315436241611,82.6265389876881,Q3
"섬유,의류,신발,호화품",방림,003610,2.5,0.4,0.16,70.45454545454545,Q3
화학,케이디켐,221980,3.0,0.48,0.16,-10.889443059019118,Q3
건설,HDC랩스,039570,4.6,0.74,0.1608695652173913,-4.270462633451957,Q3
복합기업,삼성물산,028260,6.02,0.97,0.1611295681063123,-24.365482233502537,Q3
포장재,한창제지,009460,2.85,0.46,0.16140350877192983,-15.826494724501758,Q3
IT서비스,엔텔스,069410,6.0,0.97,0.16166666666666665,-24.165029469548134,Q3
식품,롯데웰푸드,280360,3.34,0.54,0.16167664670658682,-6.417546709991877,Q3
복합기업,KX,122450,5.0,0.81,0.162,-19.628099173553718,Q3
소프트웨어,한글과컴퓨터,030520,10.0,1.63,0.163,-15.80865603644647,Q3
우주항공과국방,퍼스텍,010820,17.33,2.84,0.16387766878245816,2.37741456166419,Q3
전자장비와기기,인터엠,017250,5.0,0.82,0.164,-18.009478672985782,Q3
건강관리장비와용품,메타바이오메드,059210,10.0,1.64,0.164,3.33333333333333,Q3
제약,일동제약,249420,13.59,2.23,0.16409124356144222,-29.452485840151038,Q3
전자장비와기기,파이버프로,368770,22.0,3.62,0.16454545454545455,98.46153846153847,Q3
화학,진양산업,003780,10.57,1.75,0.16556291390728478,9.71014492753623,Q3
반도체와반도체장비,위드텍,348350,5.0,0.83,0.166,-23.555555555555557,Q3
건축자재,아세아,002030,2.65,0.44,0.1660377358490566,7.32217573221757,Q3
건강관리장비와용품,바텍,043150,8.0,1.33,0.16625,-33.22683706070288,Q3
교육서비스,정상제이엘에스,040420,8.0,1.33,0.16625,-18.930635838150287,Q3
가정용기기와용품,PN풍년,024940,6.0,1.0,0.16666666666666666,16.54822335025381,Q3
포장재,삼양패키징,272550,4.74,0.79,0.16666666666666666,-24.0,Q3
전문소매,포니링크,064800,8.0,1.34,0.1675,-60.77205882352941,Q3
상업서비스와공급품,한국기업평가,034950,20.0,3.35,0.1675,5.338078291814947,Q3
디스플레이장비및부품,신화인터텍,056700,4.0,0.67,0.1675,-24.0,Q3
화학,삼영,003720,16.59,2.78,0.1675708257986739,-10.023584905660377,Q3
기계,나라엠앤디,051490,5.0,0.84,0.168,-27.946428571428573,Q3
IT서비스,인티큐브,070590,6.0,1.01,0.16833333333333333,-13.54679802955665,Q3
건강관리장비와용품,제이브이엠,054950,13.0,2.19,0.16846153846153847,-27.408637873754152,Q3
IT서비스,비츠로시스,054220,8.0,1.35,0.16875,-32.80632411067194,Q3
자동차부품,HL홀딩스,060980,1.95,0.33,0.16923076923076924,3.1390134529147984,Q3
IT서비스,아시아나IDT,267850,7.06,1.2,0.16997167138810199,-39.0625,Q3
자동차부품,KB오토시스,024120,3.0,0.51,0.17,-26.555555555555557,Q3
기계,동일금속,109860,3.0,0.51,0.17,-13.449023861171366,Q3
소프트웨어,모비스,250060,32.0,5.45,0.1703125,-41.9035846724351,Q4
제약,광동제약,009290,3.4,0.58,0.17058823529411765,-27.595628415300546,Q4
반도체와반도체장비,월덱스,101160,13.0,2.22,0.17076923076923076,-27.744510978043913,Q4
"호텔,레스토랑,레저",파라다이스,034230,5.62,0.96,0.1708185053380783,-27.171783148269107,Q4
자동차부품,현대위아,011210,2.75,0.47,0.1709090909090909,-24.3127147766323,Q4
자동차부품,아진전자부품,009320,13.98,2.39,0.1709585121602289,-20.745920745920746,Q4
건강관리기술,비트컴퓨터,032850,10.0,1.71,0.171,-29.06441717791411,Q4
철강,세아제강,306200,2.69,0.46,0.17100371747211895,39.7037037037037,Q4
방송과엔터테인먼트,SM Life Design,063440,9.0,1.54,0.1711111111111111,-23.314285714285713,Q4
반도체와반도체장비,브이엠,089970,17.0,2.91,0.1711764705882353,-23.466666666666665,Q4
인터넷과카탈로그소매,실리콘투,257720,47.0,8.05,0.17127659574468085,109.30232558139535,Q4
창업투자,나우IB,293580,6.0,1.03,0.17166666666666666,6.15234375,Q4
반도체와반도체장비,한솔아이원스,114810,14.0,2.41,0.17214285714285715,-42.725880551301685,Q4
상업서비스와공급품,고려신용정보,049720,23.0,3.96,0.17217391304347826,-13.58355674709562,Q4
제약,경동제약,011040,4.0,0.69,0.1725,-14.90015360983103,Q4
생물공학,아시아종묘,154030,7.0,1.21,0.17285714285714285,-21.99630314232902,Q4
자동차부품,풍강,093380,3.0,0.52,0.17333333333333334,-31.550802139037433,Q4
화학,풍국주정,023900,6.0,1.04,0.17333333333333334,-28.781684382665578,Q4
양방향미디어와서비스,NAVER,035420,7.37,1.28,0.17367706919945725,1.2352032938754502,Q4
디스플레이패널,육일씨엔에쓰,191410,7.0,1.22,0.1742857142857143,-14.705882352941176,Q4
디스플레이장비및부품,AP시스템,265520,7.0,1.22,0.1742857142857143,-19.359267734553775,Q4
통신장비,RFHIC,218410,9.0,1.57,0.17444444444444446,-13.36996336996337,Q4
반도체와반도체장비,로체시스템즈,071280,9.0,1.57,0.17444444444444446,42.0,Q4
반도체와반도체장비,싸이맥스,160980,8.0,1.4,0.175,-49.975903614457835,Q4
철강,대창스틸,140520,2.0,0.35,0.175,-19.12350597609562,Q4
IT서비스,카페24,042000,16.0,2.81,0.175625,173.50886620096722,Q4
전기장비,피앤씨테크,237750,3.0,0.53,0.17666666666666667,-34.13978494623656,Q4
무역회사와판매업체,포스코인터내셔널,047050,9.27,1.64,0.17691477885652643,-7.765151515151516,Q4
건강관리장비와용품,인바디,041830,10.0,1.78,0.178,-24.448217317487266,Q4
건강관리업체및서비스,팜스빌,318010,5.0,0.89,0.178,-52.03938115330521,Q4
자동차부품,우리산업,215360,12.0,2.14,0.17833333333333334,-50.87001023541453,Q4
핸드셋,서원인텍,093920,3.0,0.54,0.18,-8.506944444444445,Q4
포장재,승일,049830,2.0,0.36,0.18,-15.58589306029579,Q4
생명과학도구및서비스,바디텍메드,206640,11.0,1.98,0.18,7.869742198100407,Q4
소프트웨어,지니언스,263860,13.0,2.34,0.18,-4.889589905362776,Q4
전기장비,LS에코에너지,229640,21.43,3.88,0.18105459636024265,60.87414428646656,Q4
소프트웨어,플랜티넷,075130,3.0,0.55,0.18333333333333332,8.95833333333333,Q4
제약,HK이노엔,195940,5.0,0.92,0.184,-1.593625498007968,Q4
디스플레이장비및부품,LX세미콘,108320,7.49,1.38,0.1842456608811749,-33.16831683168317,Q4
생물공학,휴젤,145020,16.0,2.95,0.184375,76.58930373360242,Q4
반도체와반도체장비,픽셀플러스,087600,4.0,0.74,0.185,-29.393939393939394,Q4
가정용기기와용품,한독크린텍,256150,6.0,1.11,0.185,-20.995962314939433,Q4
전기제품,신화콘텍,187270,4.0,0.74,0.185,-26.37837837837838,Q4
소프트웨어,더존비즈온,012510,16.0,2.96,0.185,32.72101033295063,Q4
기계,아세아텍,050860,2.0,0.37,0.185,-15.066079295154186,Q4
"섬유,의류,신발,호화품",코데즈컴바인,047770,6.0,1.11,0.185,-16.222348269994328,Q4
기계,두산밥캣,241560,5.78,1.07,0.185121107266436,-10.780669144981413,Q4
전자장비와기기,LG이노텍,011070,6.14,1.14,0.18566775244299674,-22.9126213592233,Q4
건강관리장비와용품,오스테오닉,226400,12.0,2.23,0.18583333333333332,40.28629856850716,Q4
"섬유,의류,신발,호화품",조광피혁,004700,2.58,0.48,0.18604651162790697,0.5859375,Q4
전기제품,성문전자,014910,4.73,0.88,0.18604651162790697,-25.806451612903224,Q4
전기제품,아비코전자,036010,8.0,1.49,0.18625,-60.04583651642475,Q4
식품,풀무원,017810,5.9,1.1,0.1864406779661017,40.0,Q4
전자장비와기기,써니전자,004770,5.36,1.0,0.1865671641791045,4.76190476190476,Q4
가스유틸리티,한국가스공사,036460,1.23,0.23,0.18699186991869918,36.94029850746269,Q4
제약,에이프릴바이오,397030,27.0,5.08,0.18814814814814815,-16.4161154539988,Q4
철강,대한제강,084010,1.86,0.35,0.1881720430107527,17.81652767247915,Q4
출판,삼성출판사,068290,6.34,1.2,0.1892744479495268,-28.788598574821854,Q4
전자제품,TJ미디어,032540,5.0,0.95,0.19,-18.825561312607945,Q4
비철금속,포스코스틸리온,058430,4.45,0.85,0.19101123595505617,-20.682523267838675,Q4
건강관리장비와용품,디알젬,263690,8.0,1.53,0.19125,-48.627450980392155,Q4
전기장비,HD현대일렉트릭,267260,41.5,7.94,0.19132530120481928,66.94214876033058,Q4
사무용전자제품,신도리코,029530,1.88,0.36,0.19148936170212766,-3.6616161616161618,Q4
화장품,토니모리,214420,9.76,1.87,0.1915983606557377,27.28531855955679,Q4
IT서비스,헥토파이낸셜,234340,6.0,1.15,0.19166666666666668,-30.226558090784486,Q4
게임엔터테인먼트,컴투스홀딩스,063080,4.0,0.77,0.1925,-37.142857142857146,Q4
우주항공과국방,한화에어로스페이스,012450,19.14,3.69,0.19278996865203762,211.2761860028182,Q4
철강,세아제강지주,003030,3.11,0.6,0.19292604501607716,4.47427293064877,Q4
자동차부품,HL만도,204320,3.82,0.74,0.193717277486911,11.617647058823529,Q4
제약,JW중외제약,001060,17.6,3.41,0.19375,-35.48872180451128,Q4
"섬유,의류,신발,호화품",한세실업,105630,7.93,1.54,0.19419924337957126,-47.725118483412324,Q4
식품,마니커에프앤지,195500,4.0,0.78,0.195,4.11392405063291,Q4
방송과엔터테인먼트,애니플러스,310200,10.0,1.95,0.195,-12.762973352033661,Q4
핸드셋,KH바텍,060720,8.0,1.56,0.195,-45.626179987413465,Q4
가구,현대리바트,079430,1.79,0.35,0.19553072625698323,-8.062418725617686,Q4
"섬유,의류,신발,호화품",배럴,267790,9.0,1.76,0.19555555555555557,-35.41973490427099,Q4
"섬유,의류,신발,호화품",젝시믹스,337930,10.0,1.96,0.196,17.33333333333333,Q4
제약,환인제약,016580,3.41,0.67,0.19648093841642228,-23.493150684931507,Q4
소프트웨어,포시에스,189690,6.0,1.18,0.19666666666666666,-31.25,Q4
IT서비스,삼성에스디에스,018260,7.89,1.56,0.19771863117870722,-28.597339782345827,Q4
"호텔,레스토랑,레저",GKL,114090,11.01,2.2,0.19981834695731154,-20.396184886280263,Q4
소프트웨어,지란지교시큐리티,208350,4.0,0.8,0.2,-27.8580814717477,Q4
전자장비와기기,삼성전기,009150,7.7,1.54,0.2,-16.374269005847953,Q4
창업투자,스틱인베스트먼트,026890,5.99,1.2,0.2003338898163606,18.57707509881423,Q4
조선,한화오션,042660,22.59,4.53,0.20053120849933598,147.94275491949912,Q4
화학,한솔케미칼,014680,14.34,2.89,0.201534170153417,-40.74074074074074,Q4
가정용기기와용품,스톰테크,352090,11.0,2.22,0.2018181818181818,-15.98984771573604,Q4
화학,태경케미컬,006890,5.2,1.05,0.20192307692307693,-15.689149560117302,Q4
건강관리장비와용품,프로티아,303360,10.0,2.02,0.202,12.02090592334495,Q4
포장재,NPC,004250,2.92,0.59,0.20205479452054795,-21.392016376663253,Q4
복합기업,LG,003550,2.64,0.54,0.20454545454545456,-24.942263279445726,Q4
에너지장비및서비스,태웅,044490,4.0,0.82,0.205,-20.672097759674134,Q4
건강관리업체및서비스,에이치피오,357230,6.0,1.23,0.205,-42.370892018779344,Q4
제약,보령,003850,7.89,1.64,0.20785804816223066,-32.50388802488336,Q4
소프트웨어,세중,039310,2.0,0.42,0.21,-25.156626506024097,Q4
생명과학도구및서비스,씨젠,096530,5.0,1.05,0.21,-4.564315352697095,Q4
식품,정다운,208140,5.0,1.05,0.21,-13.35559265442404,Q4
생명과학도구및서비스,피엔케이피부임상연구센타,347740,6.0,1.27,0.21166666666666667,-29.48073701842546,Q4
디스플레이장비및부품,아바텍,149950,6.0,1.27,0.21166666666666667,-31.872509960159363,Q4
전자제품,LG전자,066570,4.28,0.91,0.21261682242990654,-19.27461139896373,Q4
양방향미디어와서비스,키다리스튜디오,020120,3.29,0.7,0.2127659574468085,-38.10916179337232,Q4
건강관리장비와용품,티앤엘,340570,20.0,4.26,0.213,35.53571428571429,Q4
화학,BGF에코머티리얼즈,126600,3.0,0.64,0.21333333333333335,-37.35224586288416,Q4
화장품,아모레퍼시픽홀딩스,002790,3.64,0.78,0.21428571428571427,-30.085470085470085,Q4
디스플레이장비및부품,HB솔루션,297890,11.0,2.36,0.21454545454545454,-52.325581395348834,Q4
"섬유,의류,신발,호화품",감성코퍼레이션,036620,31.0,6.69,0.21580645161290324,0.26315789473684,Q4
제약,녹십자웰빙,234690,9.0,1.95,0.21666666666666667,-20.398481973434535,Q4
무선통신서비스,와이어블,065530,6.0,1.3,0.21666666666666667,-38.15533980582524,Q4
게임엔터테인먼트,크래프톤,259960,10.6,2.3,0.2169811320754717,35.72854291417166,Q4
화장품,선진뷰티사이언스,086710,7.0,1.52,0.21714285714285714,43.08445532435741,Q4
우주항공과국방,LIG디펜스앤에어로스페이스,079550,19.2,4.17,0.2171875,44.33277498604132,Q4
제약,고려제약,014570,4.0,0.87,0.2175,-33.45481049562682,Q4
게임엔터테인먼트,웹젠,069080,4.0,0.87,0.2175,-20.283855706682438,Q4
화학,그린케미칼,083420,6.75,1.48,0.21925925925925926,-25.77319587628866,Q4
통신장비,코위버,056360,2.0,0.44,0.22,-13.474025974025974,Q4
생물공학,유바이오로직스,206650,16.0,3.54,0.22125,-4.793388429752066,Q4
소프트웨어,산돌,419120,6.0,1.33,0.22166666666666668,-28.22257806244996,Q4
제약,그린생명과학,114450,4.0,0.89,0.2225,-32.212765957446805,Q4
화학,원익큐브,014190,3.0,0.67,0.22333333333333333,-20.383182543906333,Q4
방송과엔터테인먼트,티엔엔터테인먼트,131100,3.0,0.67,0.22333333333333333,-14.067439409905163,Q4
"섬유,의류,신발,호화품",BYC,001460,3.52,0.79,0.22443181818181818,-45.21384928716904,Q4
가구,스튜디오삼익,415380,13.0,2.92,0.2246153846153846,-47.32876712328767,Q4
반도체와반도체장비,티에스이,131290,10.0,2.25,0.225,-20.0,Q4
기계,부스타,008470,2.0,0.45,0.225,-20.654627539503387,Q4
제약,코오롱생명과학,102940,7.0,1.58,0.2257142857142857,19.35483870967742,Q4
에너지장비및서비스,대명에너지,389260,10.0,2.27,0.227,-14.817415730337078,Q4
IT서비스,NHN,181710,2.2,0.5,0.22727272727272727,-24.596774193548388,Q4
화학,WISCOM,024070,1.53,0.35,0.22875816993464052,-23.84313725490196,Q4
기계,씨에스베어링,297090,12.0,2.75,0.22916666666666666,-45.26493799323563,Q4
복합기업,SK네트웍스,001740,2.44,0.56,0.22950819672131148,-29.553264604810998,Q4
자동차부품,명신산업,009900,9.4,2.16,0.2297872340425532,-46.958174904942965,Q4
식품,오뚜기,007310,3.35,0.77,0.2298507462686567,0.7407407407407407,Q4
건강관리장비와용품,시지메드텍,056090,7.0,1.61,0.23,-60.33898305084746,Q4
항공화물운송과물류,삼일,032280,2.0,0.46,0.23,10.38312048861743,Q4
화장품,차AI헬스케어,025620,2.6,0.6,0.23076923076923078,-20.155038759689923,Q4
양방향미디어와서비스,SOOP,067160,24.0,5.55,0.23125,-29.339853300733495,Q4
게임엔터테인먼트,넷마블,251270,4.15,0.96,0.23132530120481928,-36.328125,Q4
방송과엔터테인먼트,대원미디어,048910,6.0,1.39,0.23166666666666666,-0.9140767824497258,Q4
교육서비스,메가엠디,133750,4.0,0.93,0.2325,-23.32730560578662,Q4
비철금속,현대비앤지스틸,004560,2.58,0.6,0.23255813953488372,-43.69304556354916,Q4
전자장비와기기,디티앤씨,187220,2.0,0.47,0.235,-27.49391727493917,Q4
우주항공과국방,코츠테크놀로지,448710,20.0,4.7,0.235,-25.974025974025974,Q4
전기장비,제일일렉트릭,199820,4.0,0.94,0.235,68.6770812734823,Q4
전자장비와기기,비에이치,090460,4.24,1.0,0.2358490566037736,-22.56612267867192,Q4
"호텔,레스토랑,레저",골프존,215000,6.0,1.42,0.23666666666666666,-26.872770511296075,Q4
반도체와반도체장비,KX하이텍,052900,3.0,0.71,0.23666666666666666,-36.79504814305365,Q4
반도체와반도체장비,코세스,089890,20.0,4.76,0.238,-59.117305458768875,Q4
화장품,에이피알,278470,75.3,17.99,0.2389110225763612,40.83665338645418,Q4
반도체와반도체장비,에스앤에스텍,101490,21.0,5.02,0.23904761904761904,-28.104575163398692,Q4
화학,미원상사,002840,10.66,2.55,0.23921200750469043,3.11284046692607,Q4
방송과엔터테인먼트,티비씨,033830,3.0,0.72,0.24,-14.021739130434783,Q4
디스플레이장비및부품,세진티에스,067770,2.0,0.48,0.24,-11.406844106463879,Q4
포장재,세림B&G,340440,7.0,1.69,0.24142857142857144,-29.631760644418872,Q4
건강관리장비와용품,인터로조,119610,8.0,1.94,0.2425,-15.306074436550134,Q4
"섬유,의류,신발,호화품",공구우먼,366030,9.0,2.19,0.24333333333333335,-30.565068493150687,Q4
비철금속,조일알미늄,018470,5.62,1.37,0.24377224199288255,-24.54320987654321,Q4
전자장비와기기,센코,347000,10.0,2.44,0.244,-27.77777777777778,Q4
반도체와반도체장비,티씨케이,064760,15.0,3.68,0.24533333333333332,-35.76864535768645,Q4
반도체와반도체장비,오킨스전자,080580,20.0,4.91,0.2455,-44.08251900108578,Q4
IT서비스,한국전자인증,041460,7.0,1.73,0.24714285714285714,-20.63305978898007,Q4
"섬유,의류,신발,호화품",윙스풋,335870,4.0,0.99,0.2475,43.94865525672372,Q4
기계,우진,105840,4.48,1.11,0.24776785714285715,-19.63260619977038,Q4
디스플레이장비및부품,아나패스,123860,30.0,7.49,0.24966666666666668,-21.221995926680243,Q4
자동차부품,와이엠,007530,5.0,1.25,0.25,-25.535714285714285,Q4
소프트웨어,MDS테크,086960,6.0,1.5,0.25,-42.33615221987315,Q4
디스플레이장비및부품,덕산네오룩스,213420,12.0,3.01,0.25083333333333335,-28.735632183908045,Q4
전자장비와기기,유니온바이오메트릭스,203450,5.0,1.26,0.252,-18.559556786703602,Q4
화학,진양폴리,010640,9.74,2.46,0.25256673511293637,-23.872679045092838,Q4
"섬유,의류,신발,호화품",폴라리스우노,114630,2.0,0.51,0.255,-33.37801608579088,Q4
철강,동국홀딩스,001230,0.94,0.24,0.2553191489361702,-14.648910411622277,Q4
반도체와반도체장비,원익IPS,240810,9.0,2.31,0.25666666666666665,-41.42857142857143,Q4
우주항공과국방,한화시스템,272210,6.6,1.71,0.2590909090909091,85.34718425369054,Q4
방송과엔터테인먼트,스카이라이프,053210,1.27,0.33,0.25984251968503935,-20.707964601769913,Q4
반도체와반도체장비,한양디지텍,078350,9.0,2.34,0.26,-44.05263157894737,Q4
IT서비스,NICE인프라,063570,4.0,1.04,0.26,-13.833333333333334,Q4
반도체와반도체장비,어보브반도체,102120,9.0,2.34,0.26,-40.162980209545985,Q4
전기제품,에이치와이티씨,148930,5.0,1.31,0.262,-47.89915966386555,Q4
IT서비스,가비아,079940,9.0,2.36,0.26222222222222225,-13.08924485125858,Q4
광고,모비데이즈,363260,8.0,2.1,0.2625,-13.142857142857142,Q4
교육서비스,크레버스,096240,13.0,3.42,0.2630769230769231,-26.084627745045527,Q4
IT서비스,현대오토에버,307950,10.27,2.71,0.2638753651411879,-17.827868852459016,Q4
화학,대한유화,006650,1.74,0.46,0.26436781609195403,-34.63768115942029,Q4
제약,오스코텍,039200,34.0,8.99,0.26441176470588235,7.2289156626506,Q4
자동차부품,화신정공,126640,2.0,0.53,0.265,-6.405228758169935,Q4
제약,한미사이언스,008930,13.13,3.49,0.26580350342726583,-29.530201342281877,Q4
양방향미디어와서비스,플리토,300080,46.0,12.28,0.2669565217391304,-33.036660309387585,Q4
화학,경인양행,012610,2.35,0.63,0.2680851063829787,-20.895522388059703,Q4
비철금속,알루코,001780,4.86,1.31,0.26954732510288065,-40.203193033381716,Q4
건강관리장비와용품,코렌텍,104540,8.0,2.16,0.27,-43.339416058394164,Q4
기계,우진플라임,049800,2.11,0.57,0.27014218009478674,-29.28082191780822,Q4
포장재,동원시스템즈,014820,6.33,1.71,0.27014218009478674,-22.183098591549296,Q4
방송과엔터테인먼트,JYP Ent.,035900,29.0,7.84,0.27034482758620687,-14.185393258426966,Q4
건축자재,아세아시멘트,183190,1.55,0.42,0.2709677419354839,-2.7105517909002903,Q4
전기제품,와이엠텍,273640,9.0,2.44,0.27111111111111114,-22.75132275132275,Q4
디스플레이장비및부품,힘스,238490,4.0,1.09,0.2725,-43.648208469055376,Q4
제약,국제약품,002720,6.09,1.66,0.27257799671592775,-25.041186161449755,Q4
화장품,코디,080530,11.0,3.0,0.2727272727272727,-53.96449704142012,Q4
전기장비,보성파워텍,006910,7.0,1.93,0.2757142857142857,-19.122257053291538,Q4
화학,PI첨단소재,178920,7.16,1.98,0.276536312849162,-28.304347826086957,Q4
건축제품,프럼파스트,035200,3.0,0.83,0.27666666666666667,68.65464632454923,Q4
제약,종근당,185750,8.17,2.28,0.27906976744186046,-27.108218430804538,Q4
화학,DRB동일,004840,1.11,0.31,0.27927927927927926,-32.48730964467005,Q4
핸드셋,디티씨,066670,2.0,0.56,0.28,-49.55673758865248,Q4
우주항공과국방,아이쓰리시스템,214430,15.0,4.2,0.28,11.5546218487395,Q4
화학,SK케미칼,285130,2.0,0.56,0.28,-37.181528662420384,Q4
"호텔,레스토랑,레저",모두투어,080160,18.0,5.05,0.28055555555555556,-32.96296296296296,Q4
반도체와반도체장비,제이아이테크,417500,9.0,2.55,0.2833333333333333,-32.298136645962735,Q4
생명과학도구및서비스,얼라인드,238120,8.0,2.27,0.28375,-34.21052631578947,Q4
건설,플래스크,041590,5.0,1.42,0.284,0.0,Q4
게임엔터테인먼트,밸로프,331520,6.0,1.71,0.285,0.22675736961451,Q4
제약,서울제약,018680,4.0,1.14,0.285,-9.798270893371757,Q4
창업투자,린드먼아시아,277070,5.0,1.43,0.286,-30.897009966777407,Q4
제약,위더스제약,330350,5.0,1.43,0.286,-32.29744728079911,Q4
건축자재,삼화페인트,000390,2.3,0.66,0.28695652173913044,-28.226779252110976,Q4
"섬유,의류,신발,호화품",덕성,004830,5.78,1.66,0.28719723183391005,-11.977401129943503,Q4
전자장비와기기,광전자,017900,1.77,0.51,0.288135593220339,-23.89496717724289,Q4
복합기업,두산,000150,4.99,1.44,0.28857715430861725,104.48275862068967,Q4
반도체와반도체장비,유진테크,084370,10.0,2.89,0.289,-6.168446026097271,Q4
방송과엔터테인먼트,와이지엔터테인먼트,122870,7.0,2.04,0.2914285714285714,36.94690265486726,Q4
전기제품,삼화전기,009470,10.39,3.03,0.29162656400384984,-4.508856682769726,Q4
에너지장비및서비스,SK오션플랜트,100090,4.96,1.45,0.2923387096774194,-9.950599858856739,Q4
생물공학,바이오에프디엔씨,251120,7.0,2.06,0.29428571428571426,3.288958496476116,Q4
통신장비,우리넷,115440,4.0,1.19,0.2975,-8.848314606741573,Q4
식품과기본식료품소매,신송홀딩스,006880,3.41,1.02,0.2991202346041056,-24.11111111111111,Q4
반도체와반도체장비,티이엠씨씨엔에스,241790,4.0,1.2,0.3,-55.71549534292972,Q4
반도체와반도체장비,저스템,417840,7.0,2.1,0.3,-48.03664921465968,Q4
음료,롯데칠성,005300,3.13,0.94,0.3003194888178914,-18.821729150726856,Q4
비철금속,일진다이아,081000,1.66,0.5,0.30120481927710846,-22.64957264957265,Q4
"섬유,의류,신발,호화품",동인기연,111380,7.66,2.31,0.30156657963446476,-37.25158562367865,Q4
무선통신서비스,SK텔레콤,017670,3.33,1.01,0.3033033033033033,6.130268199233717,Q4
반도체와반도체장비,뉴파워프라즈마,144960,3.0,0.91,0.30333333333333334,-9.126984126984127,Q4
디스플레이장비및부품,프로이천,321260,9.0,2.73,0.30333333333333334,-29.541864139020536,Q4
전자장비와기기,대덕전자,353200,5.37,1.63,0.30353817504655495,-41.25925925925926,Q4
항공화물운송과물류,유수홀딩스,000700,1.35,0.41,0.3037037037037037,-0.528169014084507,Q4
통신장비,AP위성,211270,10.0,3.05,0.305,-36.63203936577365,Q4
건강관리장비와용품,메디아나,041920,4.0,1.22,0.305,-31.78519593613933,Q4
복합기업,CJ,001040,2.72,0.83,0.30514705882352944,-6.464174454828661,Q4
화장품,브이티,018290,26.0,8.0,0.3076923076923077,75.19582245430809,Q4
상업서비스와공급품,드림시큐리티,203650,7.0,2.16,0.30857142857142855,-10.576923076923077,Q4
"섬유,의류,신발,호화품",진도,088790,0.84,0.26,0.30952380952380953,-17.736720554272516,Q4
전기장비,서전기전,189860,4.0,1.24,0.31,-7.903780068728523,Q4
식품과기본식료품소매,네오크레마,311390,4.0,1.24,0.31,8.76369327073552,Q4
전기장비,대한전선,001440,5.48,1.7,0.3102189781021898,6.672845227062094,Q4
제약,동화약품,000020,2.31,0.72,0.3116883116883117,-36.421052631578945,Q4
건강관리장비와용품,녹십자엠에스,142280,9.0,2.82,0.31333333333333335,-15.151515151515152,Q4
화학,KBG,318000,6.0,1.9,0.31666666666666665,-46.99017199017199,Q4
소프트웨어,엑셈,205100,6.0,1.9,0.31666666666666665,-26.85148514851485,Q4
기계,우림피티에스,101170,3.0,0.96,0.32,-19.936204146730464,Q5(최악 가성비)
"섬유,의류,신발,호화품",에코마케팅,230360,7.0,2.24,0.32,-39.334341906202724,Q5(최악 가성비)
IT서비스,정원엔시스,045510,3.0,0.96,0.32,-36.09561752988048,Q5(최악 가성비)
통신장비,코콤,015710,2.0,0.64,0.32,-16.43243243243243,Q5(최악 가성비)
창업투자,스톤브릿지벤처스,330730,3.0,0.97,0.3233333333333333,-21.12382934443288,Q5(최악 가성비)
식품,신라교역,004970,0.77,0.25,0.3246753246753247,-1.6,Q5(최악 가성비)
전기유틸리티,한전기술,052690,14.2,4.62,0.32535211267605635,-13.787878787878787,Q5(최악 가성비)
우주항공과국방,빅텍,065450,7.0,2.28,0.32571428571428573,-18.65979381443299,Q5(최악 가성비)
전자장비와기기,세코닉스,053450,3.0,0.98,0.32666666666666666,-24.62787550744249,Q5(최악 가성비)
디스플레이장비및부품,신도기연,290520,3.0,0.98,0.32666666666666666,-51.495448634590375,Q5(최악 가성비)
제약,한미약품,128940,14.53,4.77,0.3282863041982106,-29.420731707317074,Q5(최악 가성비)
기계,현대무벡스,319400,7.0,2.31,0.33,9.01771336553945,Q5(최악 가성비)
제약,삼성바이오로직스,207940,19.44,6.46,0.3323045267489712,29.65686274509804,Q5(최악 가성비)
건설,도화엔지니어링,002150,2.88,0.96,0.3333333333333333,-16.514954486345903,Q5(최악 가성비)
은행,제주은행,006220,2.25,0.75,0.3333333333333333,-37.92250618301731,Q5(최악 가성비)
제약,폴라리스AI파마,041910,3.0,1.0,0.3333333333333333,-43.73737373737374,Q5(최악 가성비)
기계,현대에버다임,041440,2.0,0.67,0.335,21.49253731343284,Q5(최악 가성비)
자동차부품,태양금속,004100,2.53,0.85,0.3359683794466403,17.26315789473684,Q5(최악 가성비)
IT서비스,에스트래픽,234300,5.0,1.68,0.336,-13.167259786476869,Q5(최악 가성비)
부동산,SK디앤디,210980,1.25,0.42,0.336,-33.63412633305988,Q5(최악 가성비)
전기제품,비츠로테크,042370,3.0,1.01,0.33666666666666667,-10.666666666666666,Q5(최악 가성비)
반도체와반도체장비,지오엘리먼트,311320,10.0,3.37,0.337,-44.342507645259936,Q5(최악 가성비)
제약,유한양행,000100,8.81,2.97,0.337116912599319,38.88888888888889,Q5(최악 가성비)
반도체와반도체장비,유니셈,036200,4.0,1.35,0.3375,-31.441048034934497,Q5(최악 가성비)
반도체와반도체장비,엘티씨,170920,4.0,1.35,0.3375,-35.39208882720333,Q5(최악 가성비)
우주항공과국방,한국항공우주,047810,10.51,3.56,0.33872502378686964,52.97504798464491,Q5(최악 가성비)
음료,하이트진로,000080,3.69,1.25,0.33875338753387535,-6.586538461538462,Q5(최악 가성비)
자동차,KG모빌리티,003620,3.21,1.09,0.3395638629283489,-40.60029282576867,Q5(최악 가성비)
반도체와반도체장비,와이씨,232140,6.0,2.04,0.34,50.73627844712182,Q5(최악 가성비)
디스플레이패널,비덴트,121800,1.0,0.34,0.34,0.0,Q5(최악 가성비)
IT서비스,에스넷,038680,4.0,1.37,0.3425,-32.40643581671913,Q5(최악 가성비)
컴퓨터와주변기기,잉크테크,049550,3.0,1.03,0.3433333333333333,2.4390243902439,Q5(최악 가성비)
소프트웨어,파수,150900,7.0,2.43,0.34714285714285714,-32.05882352941177,Q5(최악 가성비)
건축제품,삼목에스폼,018310,2.0,0.7,0.35,-15.650319829424307,Q5(최악 가성비)
소프트웨어,네이블,153460,4.0,1.4,0.35,-4.775280898876405,Q5(최악 가성비)
항공사,한진칼,180640,4.75,1.67,0.35157894736842105,28.94308943089431,Q5(최악 가성비)
소프트웨어,위세아이텍,065370,5.0,1.76,0.352,15.5860349127182,Q5(최악 가성비)
반도체와반도체장비,제주반도체,080220,19.0,6.7,0.3526315789473684,-53.29805996472663,Q5(최악 가성비)
전기제품,삼화콘덴서,001820,4.62,1.63,0.3528138528138528,-28.41068917018284,Q5(최악 가성비)
"섬유,의류,신발,호화품",휴비스,079980,0.96,0.34,0.3541666666666667,-34.46115288220551,Q5(최악 가성비)
화학,PKC,001340,4.63,1.64,0.3542116630669546,-33.11331133113311,Q5(최악 가성비)
화장품,애경산업,018250,3.8,1.35,0.35526315789473684,-21.663965424095085,Q5(최악 가성비)
IT서비스,케이아이엔엑스,093320,9.0,3.2,0.35555555555555557,-22.17616580310881,Q5(최악 가성비)
조선,현대힘스,460930,9.0,3.2,0.35555555555555557,-22.504136789851074,Q5(최악 가성비)
화장품,아이패밀리에스씨,114840,22.0,7.89,0.35863636363636364,-18.798283261802574,Q5(최악 가성비)
화학,한국석유,004090,2.59,0.93,0.3590733590733591,-0.7188498402555911,Q5(최악 가성비)
전기제품,피엔티,137400,11.0,3.95,0.35909090909090907,-7.808857808857809,Q5(최악 가성비)
화학,인바이오,352940,2.0,0.72,0.36,-30.032467532467532,Q5(최악 가성비)
화학,엔피케이,048830,2.0,0.72,0.36,-38.875739644970416,Q5(최악 가성비)
우주항공과국방,웨이브일렉트로,095270,3.0,1.08,0.36,-14.880952380952381,Q5(최악 가성비)
소프트웨어,링크제니시스,219420,6.0,2.17,0.3616666666666667,-37.30061349693251,Q5(최악 가성비)
전자제품,아남전자,008700,4.51,1.64,0.36363636363636365,-32.30769230769231,Q5(최악 가성비)
방송과엔터테인먼트,한국경제TV,039340,2.0,0.73,0.365,3.45423143350604,Q5(최악 가성비)
반도체와반도체장비,동진쎄미켐,005290,10.0,3.7,0.37,-41.31736526946108,Q5(최악 가성비)
반도체와반도체장비,티에프이,425420,19.0,7.04,0.3705263157894737,-50.85333333333333,Q5(최악 가성비)
반도체와반도체장비,지앤비에스 에코,382800,6.0,2.23,0.37166666666666665,-39.11439114391144,Q5(최악 가성비)
제약,씨엔알리서치,359090,5.0,1.86,0.372,-18.410381184103812,Q5(최악 가성비)
광고,와이즈버즈,273060,4.0,1.49,0.3725,-32.88789903489236,Q5(최악 가성비)
건강관리장비와용품,바이오플러스,099430,10.0,3.73,0.373,5.31609195402299,Q5(최악 가성비)
반도체와반도체장비,큐에스아이,066310,3.0,1.12,0.37333333333333335,-15.934627170582226,Q5(최악 가성비)
화장품,제로투세븐,159580,4.0,1.52,0.38,-17.627677100494235,Q5(최악 가성비)
양방향미디어와서비스,레뷰코퍼레이션,443250,11.0,4.21,0.38272727272727275,-3.278688524590164,Q5(최악 가성비)
해운사,흥아해운,003280,12.66,4.85,0.3830963665086888,-39.583333333333336,Q5(최악 가성비)
전기장비,지투파워,388050,14.0,5.37,0.38357142857142856,-26.51265126512651,Q5(최악 가성비)
판매업체,글로본,019660,5.0,1.92,0.384,3.27008477997578,Q5(최악 가성비)
전기제품,삼영전자,005680,0.96,0.37,0.3854166666666667,5.43364681295716,Q5(최악 가성비)
"호텔,레스토랑,레저",하나투어,039130,19.79,7.64,0.3860535624052552,-11.677631578947368,Q5(최악 가성비)
손해보험,한화손해보험,000370,10.56,4.09,0.3873106060606061,-5.681818181818182,Q5(최악 가성비)
백화점과일반상점,GS리테일,007070,1.34,0.52,0.3880597014925373,-21.360314783586283,Q5(최악 가성비)
제약,경보제약,214390,3.19,1.24,0.3887147335423197,-1.6483516483516483,Q5(최악 가성비)
IT서비스,갤럭시아머니트리,094480,7.0,2.73,0.39,-4.488778054862843,Q5(최악 가성비)
IT서비스,이루온,065440,3.0,1.17,0.39,-24.37837837837838,Q5(최악 가성비)
반도체와반도체장비,솔브레인,357780,8.0,3.12,0.39,-37.79904306220096,Q5(최악 가성비)
전자장비와기기,뉴프렉스,085670,8.0,3.13,0.39125,-48.46153846153846,Q5(최악 가성비)
제약,아미노로직스,074430,7.0,2.75,0.39285714285714285,-43.28358208955224,Q5(최악 가성비)
IT서비스,웨이버스,336060,7.0,2.75,0.39285714285714285,-21.72523961661342,Q5(최악 가성비)
반도체와반도체장비,에스티아이,039440,6.0,2.36,0.3933333333333333,-37.249283667621775,Q5(최악 가성비)
반도체와반도체장비,라온로보틱스,232680,10.0,3.94,0.394,-9.582863585118377,Q5(최악 가성비)
반도체와반도체장비,엑시콘,092870,5.0,1.97,0.394,-56.548324225169104,Q5(최악 가성비)
식품,CJ씨푸드,011150,3.29,1.3,0.3951367781155015,15.2014652014652,Q5(최악 가성비)
건강관리업체및서비스,휴럼,353190,3.0,1.19,0.39666666666666667,-34.178403755868544,Q5(최악 가성비)
반도체와반도체장비,하나머티리얼즈,166090,9.0,3.57,0.39666666666666667,-40.0735294117647,Q5(최악 가성비)
제약,일양약품,007570,2.92,1.16,0.3972602739726027,-31.52173913043478,Q5(최악 가성비)
전자장비와기기,이수페타시스,007660,29.64,11.78,0.3974358974358974,-9.964731011872237,Q5(최악 가성비)
"호텔,레스토랑,레저",롯데관광개발,032350,8.06,3.21,0.39826302729528534,-20.502901353965182,Q5(최악 가성비)
반도체와반도체장비,오디텍,080520,1.0,0.4,0.4,-35.69096844396083,Q5(최악 가성비)
기계,대모,317850,4.0,1.61,0.4025,-14.223669923995656,Q5(최악 가성비)
핸드셋,인탑스,049070,2.0,0.81,0.405,-47.67479674796748,Q5(최악 가성비)
제약,부광약품,003000,4.3,1.75,0.4069767441860465,-41.43159954345345,Q5(최악 가성비)
건강관리장비와용품,클래시스,214150,26.0,10.69,0.41115384615384615,52.23097112860892,Q5(최악 가성비)
"섬유,의류,신발,호화품",TBH글로벌,084870,1.45,0.6,0.41379310344827586,-33.372093023255815,Q5(최악 가성비)
철강,한국주강,025890,2.27,0.94,0.41409691629955947,-29.14171656686627,Q5(최악 가성비)
"섬유,의류,신발,호화품",더네이쳐홀딩스,298540,2.0,0.83,0.415,-42.332065906210396,Q5(최악 가성비)
창업투자,아주IB투자,027360,3.0,1.25,0.4166666666666667,-18.446601941747574,Q5(최악 가성비)
방송과엔터테인먼트,초록뱀미디어,047820,1.0,0.42,0.42,0.0,Q5(최악 가성비)
화학,효성오앤비,097870,2.0,0.84,0.42,-13.770053475935828,Q5(최악 가성비)
게임엔터테인먼트,데브시스터즈,194480,7.0,2.94,0.42,-11.546184738955823,Q5(최악 가성비)
식품,SPC삼립,005610,2.92,1.23,0.4212328767123288,3.73514431239389,Q5(최악 가성비)
화장품,아모레퍼시픽,090430,4.41,1.86,0.4217687074829932,-17.9705654531371,Q5(최악 가성비)
건강관리장비와용품,하이로닉,149980,5.0,2.12,0.424,-34.01015228426396,Q5(최악 가성비)
화학,아모그린텍,125210,8.0,3.4,0.425,-53.07892454466609,Q5(최악 가성비)
자동차부품,SG글로벌,001380,1.86,0.8,0.43010752688172044,6.27906976744186,Q5(최악 가성비)
건강관리기술,이지케어텍,099750,8.0,3.45,0.43125,-1.939532230462065,Q5(최악 가성비)
창업투자,캡스톤파트너스,452300,6.0,2.59,0.43166666666666664,-46.30738522954092,Q5(최악 가성비)
소프트웨어,라온시큐어,042510,6.0,2.6,0.43333333333333335,-25.78277504489732,Q5(최악 가성비)
제약,씨티씨바이오,060590,5.0,2.17,0.434,-21.21559633027523,Q5(최악 가성비)
화학,코오롱인더,120110,1.01,0.44,0.43564356435643564,-21.391076115485564,Q5(최악 가성비)
디스플레이장비및부품,미래나노텍,095500,5.0,2.19,0.438,-56.91282620766241,Q5(최악 가성비)
창업투자,큐캐피탈,016600,1.0,0.44,0.44,-20.18633540372671,Q5(최악 가성비)
전자장비와기기,세아메카닉스,396300,4.0,1.76,0.44,-50.17667844522968,Q5(최악 가성비)
제약,명문제약,017180,1.94,0.86,0.44329896907216493,-30.789473684210527,Q5(최악 가성비)
교육서비스,YBM넷,057030,3.0,1.34,0.44666666666666666,-8.333333333333334,Q5(최악 가성비)
석유와가스,제이엔케이글로벌,126880,2.0,0.9,0.45,-7.9908675799086755,Q5(최악 가성비)
반도체와반도체장비,엑사이엔씨,054940,1.0,0.45,0.45,-9.443099273607748,Q5(최악 가성비)
포장재,휴엠앤씨,263920,4.0,1.85,0.4625,-13.629968343299332,Q5(최악 가성비)
소프트웨어,케이사인,192250,3.0,1.39,0.4633333333333333,-42.61818181818182,Q5(최악 가성비)
반도체와반도체장비,티이엠씨,425040,8.0,3.74,0.4675,-65.80188679245283,Q5(최악 가성비)
자동차부품,오스템,031510,1.0,0.47,0.47,-34.28053204353083,Q5(최악 가성비)
광고,이엠넷,123570,2.0,0.94,0.47,-38.254172015404365,Q5(최악 가성비)
반도체와반도체장비,해성디에스,195870,4.25,2.01,0.47294117647058825,-51.42045454545455,Q5(최악 가성비)
전자장비와기기,켐트로닉스,089010,5.0,2.37,0.474,-1.4830508474576272,Q5(최악 가성비)
반도체와반도체장비,원익QnC,074600,5.0,2.38,0.476,-45.596465390279825,Q5(최악 가성비)
철강,동양에스텍,060380,1.0,0.48,0.48,-31.495227995758217,Q5(최악 가성비)
자동차,도이치모터스,067990,1.0,0.48,0.48,-21.005385996409334,Q5(최악 가성비)
기계,이엔플러스,074610,6.04,2.91,0.4817880794701987,-81.36645962732919,Q5(최악 가성비)
화장품,클리오,237880,6.0,2.9,0.48333333333333334,-37.96825396825397,Q5(최악 가성비)
전자장비와기기,상신전자,263810,3.0,1.45,0.48333333333333334,-31.466030989272944,Q5(최악 가성비)
건설,누리플랜,069140,1.0,0.49,0.49,-5.673758865248227,Q5(최악 가성비)
조선,케이에스피,073010,8.0,3.93,0.49125,6.01915184678523,Q5(최악 가성비)
반도체와반도체장비,이오테크닉스,039030,9.0,4.48,0.49777777777777776,-29.93404363267377,Q5(최악 가성비)
레저용장비와제품,갤럭시아에스엠,011420,4.21,2.1,0.498812351543943,-22.98624754420432,Q5(최악 가성비)
출판,디앤씨미디어,263720,9.0,4.5,0.5,-32.93040293040293,Q5(최악 가성비)
방송과엔터테인먼트,CJ ENM,035760,1.0,0.5,0.5,-31.046511627906977,Q5(최악 가성비)
제약,에스티팜,237690,10.0,5.02,0.502,-16.759156492785795,Q5(최악 가성비)
소프트웨어,디지캡,197140,2.0,1.01,0.505,-52.0703933747412,Q5(최악 가성비)
철강,POSCO홀딩스,005490,1.18,0.6,0.5084745762711864,-33.133971291866025,Q5(최악 가성비)
양방향미디어와서비스,카카오,035720,4.59,2.35,0.5119825708061002,-21.561338289962826,Q5(최악 가성비)
판매업체,더라미,032860,5.0,2.58,0.516,-59.065934065934066,Q5(최악 가성비)
건강관리장비와용품,신흥,004080,2.44,1.27,0.5204918032786885,1.7993079584775087,Q5(최악 가성비)
건강관리장비와용품,레이,228670,4.0,2.1,0.525,-51.43540669856459,Q5(최악 가성비)
철강,대동스틸,048470,1.0,0.53,0.53,8.43214756258235,Q5(최악 가성비)
반도체와반도체장비,하나마이크론,067310,10.0,5.32,0.532,-51.5330565314596,Q5(최악 가성비)
석유와가스,S-Oil,010950,2.01,1.07,0.5323383084577115,-27.307692307692307,Q5(최악 가성비)
화장품,현대퓨처넷,126560,1.03,0.55,0.5339805825242718,-22.177954847277558,Q5(최악 가성비)
반도체와반도체장비,그린리소스,402490,16.0,8.59,0.536875,-50.277277637738564,Q5(최악 가성비)
반도체와반도체장비,ISC,095340,11.0,5.91,0.5372727272727272,-44.58464773922187,Q5(최악 가성비)
핸드셋,엘컴텍,037950,3.0,1.64,0.5466666666666666,-17.925194071983064,Q5(최악 가성비)
핸드셋,씨유테크,376290,1.0,0.55,0.55,1.9047619047619,Q5(최악 가성비)
우주항공과국방,쎄트렉아이,099320,6.0,3.33,0.555,0.6779661016949152,Q5(최악 가성비)
전자장비와기기,상아프론테크,089980,3.0,1.69,0.5633333333333334,-26.417910447761194,Q5(최악 가성비)
전자장비와기기,파크시스템스,140860,17.0,9.69,0.57,24.6273106738223,Q5(최악 가성비)
상업서비스와공급품,원티드랩,376980,3.0,1.71,0.57,-28.58974358974359,Q5(최악 가성비)
IT서비스,롯데이노베이트,286940,2.35,1.34,0.5702127659574469,-51.994680851063826,Q5(최악 가성비)
양방향미디어와서비스,디어유,376300,9.0,5.16,0.5733333333333334,26.051779935275082,Q5(최악 가성비)
제약,SK바이오팜,326030,39.28,22.76,0.5794297352342159,10.21739130434783,Q5(최악 가성비)
반도체와반도체장비,주성엔지니어링,036930,6.0,3.51,0.585,9.014084507042254,Q5(최악 가성비)
생물공학,메디톡스,086900,4.0,2.34,0.585,-3.5374149659863945,Q5(최악 가성비)
기계,한선엔지니어링,452280,7.0,4.12,0.5885714285714285,-1.492537313432836,Q5(최악 가성비)
종이와목재,한솔제지,213500,0.56,0.33,0.5892857142857143,-21.49805447470817,Q5(최악 가성비)
반도체와반도체장비,미래반도체,254490,7.0,4.17,0.5957142857142858,-47.44075829383886,Q5(최악 가성비)
비철금속,대창,012800,0.75,0.45,0.6,-8.488612836438923,Q5(최악 가성비)
건강관리업체및서비스,케어젠,214370,9.0,5.45,0.6055555555555555,6.8893528183716075,Q5(최악 가성비)
전자장비와기기,테이팩스,055490,1.3,0.79,0.6076923076923076,-47.056451612903224,Q5(최악 가성비)
건강관리장비와용품,씨유메디칼,115480,1.0,0.61,0.61,-25.128865979381445,Q5(최악 가성비)
핸드셋,에스에이티,060540,1.0,0.61,0.61,-31.495726495726494,Q5(최악 가성비)
IT서비스,솔트웨어,328380,4.0,2.44,0.61,-43.333333333333336,Q5(최악 가성비)
철강,고려제강,002240,0.53,0.33,0.6226415094339622,-13.823693415116338,Q5(최악 가성비)
소프트웨어,키네마스터,139670,14.0,8.74,0.6242857142857143,-59.075630252100844,Q5(최악 가성비)
화학,누보,332290,3.0,1.88,0.6266666666666667,-33.29238329238329,Q5(최악 가성비)
전자장비와기기,대덕,008060,0.59,0.37,0.6271186440677966,13.15789473684211,Q5(최악 가성비)
건축자재,일신석재,007110,2.45,1.54,0.6285714285714286,82.77119416590702,Q5(최악 가성비)
방송과엔터테인먼트,드림어스컴퍼니,060570,2.0,1.26,0.63,-47.927031509121065,Q5(최악 가성비)
반도체와반도체장비,워트,396470,6.0,3.79,0.6316666666666667,-25.92233009708738,Q5(최악 가성비)
자동차부품,모트렉스,118990,3.0,1.9,0.6333333333333333,-36.31768953068592,Q5(최악 가성비)
전자장비와기기,이랜시스,264850,8.0,5.07,0.63375,-39.851150202976996,Q5(최악 가성비)
화학,파미셀,005690,7.59,4.85,0.6389986824769434,61.64596273291925,Q5(최악 가성비)
건강관리장비와용품,원텍,336570,25.0,16.04,0.6416,-33.23727185398655,Q5(최악 가성비)
상업서비스와공급품,포스뱅크,105760,5.0,3.22,0.644,-53.053715967623255,Q5(최악 가성비)
백화점과일반상점,롯데쇼핑,023530,0.34,0.22,0.6470588235294118,-20.295698924731184,Q5(최악 가성비)
비철금속,남선알미늄,008350,1.25,0.81,0.648,-33.96127681841968,Q5(최악 가성비)
반도체와반도체장비,디아이,003160,3.21,2.09,0.6510903426791277,14.578214578214578,Q5(최악 가성비)
건강관리장비와용품,셀바스헬스케어,208370,6.0,3.91,0.6516666666666666,-27.177700348432055,Q5(최악 가성비)
소프트웨어,엑스게이트,356680,9.0,5.87,0.6522222222222223,7.71653543307087,Q5(최악 가성비)
자동차부품,한일단조,024740,1.0,0.66,0.66,-8.385744234800839,Q5(최악 가성비)
가정용기기와용품,부방,014470,1.0,0.66,0.66,-11.479028697571744,Q5(최악 가성비)
증권,SK증권,001510,0.62,0.41,0.6612903225806451,-25.938009787928223,Q5(최악 가성비)
전기유틸리티,한전산업,130660,3.71,2.5,0.6738544474393531,34.51086956521739,Q5(최악 가성비)
생명과학도구및서비스,바이오톡스텍,086040,3.0,2.05,0.6833333333333333,-52.9126213592233,Q5(최악 가성비)
소프트웨어,아톤,158430,2.0,1.37,0.685,23.3256351039261,Q5(최악 가성비)
화장품,마녀공장,439090,8.0,5.53,0.69125,-4.615384615384615,Q5(최악 가성비)
자동차부품,디젠스,113810,3.0,2.1,0.7,109.04761904761905,Q5(최악 가성비)
식품,남양유업,003920,0.9,0.64,0.7111111111111111,28.9568345323741,Q5(최악 가성비)
전기제품,피엔티엠에스,257370,6.0,4.34,0.7233333333333334,-70.81243731193581,Q5(최악 가성비)
게임엔터테인먼트,미투온,201490,1.0,0.73,0.73,-39.04085257548846,Q5(최악 가성비)
건강관리장비와용품,비스토스,419540,4.0,2.96,0.74,-24.89887640449438,Q5(최악 가성비)
방송과엔터테인먼트,SBS,034120,0.73,0.55,0.7534246575342466,-26.3671875,Q5(최악 가성비)
제약,신풍제약,019170,3.35,2.53,0.755223880597015,-53.31288343558282,Q5(최악 가성비)
화학,한농화성,011500,2.74,2.1,0.7664233576642335,-28.38095238095238,Q5(최악 가성비)
전기제품,에스피지,058610,4.0,3.07,0.7675,-25.042301184433164,Q5(최악 가성비)
비철금속,동국알앤에스,075970,1.0,0.77,0.77,-28.400597907324364,Q5(최악 가성비)
생물공학,팬젠,222110,5.0,3.87,0.774,-26.121794871794872,Q5(최악 가성비)
IT서비스,이씨에스,067010,1.0,0.79,0.79,-23.994452149791954,Q5(최악 가성비)
방송과엔터테인먼트,NEW,160550,1.0,0.8,0.8,-41.690962099125365,Q5(최악 가성비)
디스플레이장비및부품,와이엠씨,155650,1.0,0.81,0.81,-31.59541188738269,Q5(최악 가성비)
건설,진흥기업,002780,0.81,0.66,0.8148148148148148,-24.975124378109452,Q5(최악 가성비)
제약,한국파마,032300,5.0,4.08,0.816,-33.8255033557047,Q5(최악 가성비)
디스플레이장비및부품,피엔에이치테크,239890,7.0,5.84,0.8342857142857143,-66.94352159468438,Q5(최악 가성비)
생명과학도구및서비스,나노엔텍,039860,2.0,1.69,0.845,-9.641873278236915,Q5(최악 가성비)
반도체와반도체장비,지니틱스,303030,4.0,3.43,0.8575,-57.95238095238095,Q5(최악 가성비)
에너지장비및서비스,씨에스윈드,112610,3.02,2.7,0.8940397350993378,-39.05429071803853,Q5(최악 가성비)
화학,조비,001550,1.22,1.1,0.9016393442622951,-20.689655172413794,Q5(최악 가성비)
식품,한일사료,005860,4.0,3.62,0.905,-26.88821752265861,Q5(최악 가성비)
포장재,한국팩키지,037230,1.0,0.92,0.92,-23.798076923076923,Q5(최악 가성비)
가정용품,모나리자,012690,1.53,1.42,0.9281045751633987,-5.8236272878535775,Q5(최악 가성비)
생명과학도구및서비스,우정바이오,215380,1.0,0.93,0.93,-20.804289544235925,Q5(최악 가성비)
건축자재,덕신이피씨,090410,1.0,0.95,0.95,-16.61341853035144,Q5(최악 가성비)
건강관리장비와용품,시너지이노베이션,048870,2.0,1.91,0.955,-12.538699690402476,Q5(최악 가성비)
전자장비와기기,포인트모바일,318020,5.0,4.81,0.962,-75.82608695652173,Q5(최악 가성비)
전기제품,씨아이에스,222080,6.0,5.78,0.9633333333333334,-43.613707165109034,Q5(최악 가성비)
자동차부품,에코플라스틱,038110,1.0,1.01,1.01,-45.86549062844542,Q5(최악 가성비)
생물공학,서린바이오,038070,1.0,1.01,1.01,-26.470588235294116,Q5(최악 가성비)
자동차부품,폴라리스오피스,041020,5.0,5.07,1.014,-26.21502209131075,Q5(최악 가성비)
반도체와반도체장비,한미반도체,042700,34.76,35.5,1.021288837744534,-51.01897399859452,Q5(최악 가성비)
전자장비와기기,고영,098460,4.0,4.09,1.0225,-25.84631918323482,Q5(최악 가성비)
반도체와반도체장비,테크윙,089030,5.0,5.12,1.024,0.15060240963855423,Q5(최악 가성비)
"섬유,의류,신발,호화품",SG세계물산,004060,0.34,0.35,1.0294117647058825,-27.98165137614679,Q5(최악 가성비)
반도체와반도체장비,에이디테크놀로지,200710,3.0,3.13,1.0433333333333332,-61.04060913705584,Q5(최악 가성비)
통신장비,인텔리안테크,189300,3.0,3.17,1.0566666666666666,-39.64110929853181,Q5(최악 가성비)
건설,LS마린솔루션,060370,2.0,2.15,1.075,52.3390458545623,Q5(최악 가성비)
건강관리장비와용품,제노레이,122310,1.0,1.08,1.08,-19.208211143695014,Q5(최악 가성비)
식품,인산가,277410,1.0,1.08,1.08,-29.844738355376652,Q5(최악 가성비)
제약,셀트리온,068270,5.94,6.5,1.0942760942760943,-2.7010471325212086,Q5(최악 가성비)
건강관리장비와용품,덴티움,145720,2.94,3.25,1.1054421768707483,-43.97163120567376,Q5(최악 가성비)
레저용장비와제품,알톤,123750,1.0,1.11,1.11,-36.64543524416136,Q5(최악 가성비)
철강,신스틸,162300,2.0,2.23,1.115,-34.51704545454545,Q5(최악 가성비)
소프트웨어,핸디소프트,220180,1.0,1.15,1.15,-45.39473684210526,Q5(최악 가성비)
전자장비와기기,티에스아이,277880,3.0,3.52,1.1733333333333333,-25.647058823529413,Q5(최악 가성비)
자동차부품,삼현,437730,8.0,9.42,1.1775,-31.204604632040564,Q5(최악 가성비)
제약,대화제약,067080,2.0,2.37,1.185,52.84629981024668,Q5(최악 가성비)
소프트웨어,알서포트,131370,2.0,2.38,1.19,-17.879948914431672,Q5(최악 가성비)
화장품,씨앤씨인터내셔널,352480,5.0,5.97,1.194,-50.24968789013733,Q5(최악 가성비)
IT서비스,카카오페이,377300,2.41,2.88,1.1950207468879668,-21.355498721227622,Q5(최악 가성비)
석유와가스,극동유화,014530,0.55,0.67,1.2181818181818183,-13.695090439276486,Q5(최악 가성비)
생명과학도구및서비스,오상헬스케어,036220,1.0,1.24,1.24,-32.162849872773535,Q5(최악 가성비)
기계,에이테크솔루션,071670,1.0,1.25,1.25,-44.72934472934473,Q5(최악 가성비)
생명과학도구및서비스,마크로젠,038290,1.0,1.26,1.26,-29.844789356984478,Q5(최악 가성비)
화학,석경에이티,357550,9.0,11.36,1.2622222222222221,-24.28115015974441,Q5(최악 가성비)
전자장비와기기,대주전자재료,078600,9.0,11.63,1.2922222222222222,-11.099252934898612,Q5(최악 가성비)
